code,entry_ts,entry_px,dist_poc,dist_val,dist_vwap,ha_green,above_vwap,vol_expand,macd_hist,block_red_flag_on,htf_green,atr_pct,conf,spy_htf_green,exit_ts,exit_px,pnl,hold_bars,y,y_tb,year,sym_TSLA,sym_ARM,sym_MU,sym_SPY,sym_IONQ,sym_APLD
TSLA.US,2024-08-20 12:00:00,222.41000366210938,1.7071916299303167,5.504621941906272,5.563335338757486,1.0,1.0,1.0,21.79443283050105,0.0,1.0,0.018270123128712994,1.0,1.0,2024-08-21 16:00:00,223.22000122070312,0.001641911538404985,6,1,1,2024,1.0,0.0,0.0,0.0,0.0,0.0
TSLA.US,2024-09-09 10:00:00,219.1699981689453,1.294548208641531,2.2202235145066314,0.7094465358919225,0.0,1.0,1.0,-20.735092784368312,0.0,1.0,0.02874602876124735,1.0,0.0,2024-09-09 12:00:00,217.5500030517578,-0.009391500345493185,1,0,0,2024,1.0,0.0,0.0,0.0,0.0,0.0
TSLA.US,2024-09-17 12:00:00,230.125,0.4092686651086132,2.4865366365929544,2.16550921832987,1.0,1.0,0.0,-0.0612045598346711,0.0,1.0,0.019086205996999953,1.0,1.0,2024-09-19 12:00:00,242.5904998779297,0.05216838621588127,8,1,1,2024,1.0,0.0,0.0,0.0,0.0,0.0
TSLA.US,2024-09-26 10:00:00,256.19000244140625,0.600812628692362,5.735485180060663,5.856345625786448,1.0,1.0,1.0,14.140187658562581,0.0,1.0,0.01372121542726287,1.0,1.0,2024-09-27 16:00:00,260.4649963378906,0.014686810007201958,7,1,0,2024,1.0,0.0,0.0,0.0,0.0,0.0
TSLA.US,2024-09-30 10:00:00,259.6300048828125,1.4789864964663009,4.4429950122948405,4.93125761596057,0.0,1.0,1.0,-11.472204818260337,0.0,1.0,0.015180860913129661,1.0,1.0,2024-09-30 16:00:00,261.6050109863281,0.005607002528105644,3,1,1,2024,1.0,0.0,0.0,0.0,0.0,0.0
TSLA.US,2025-01-14 12:00:00,405.05120849609375,1.0441195827582976,1.9003519481383284,-1.4908833845013187,1.0,0.0,1.0,24.71121046175493,0.0,1.0,0.02770445058675271,1.0,0.0,2025-01-15 14:00:00,423.7550048828125,0.04417637472596048,5,1,1,2025,1.0,0.0,0.0,0.0,0.0,0.0
TSLA.US,2025-01-22 10:00:00,423.42999267578125,1.0118074232914658,2.204316394908347,1.8391823486462862,0.0,1.0,1.0,-4.316906425398827,0.0,1.0,0.025997723603660264,1.0,1.0,2025-01-22 12:00:00,420.20001220703125,-0.009628133397775572,1,0,0,2025,1.0,0.0,0.0,0.0,0.0,0.0
TSLA.US,2025-02-18 12:00:00,354.4200134277344,0.23354615948829682,3.638959637408099,-1.8967460166002033,1.0,0.0,0.0,29.46538439522213,0.0,1.0,0.0192943689743663,1.0,1.0,2025-02-18 16:00:00,354.04998779296875,-0.0030440314337414325,2,0,0,2025,1.0,0.0,0.0,0.0,0.0,0.0
TSLA.US,2025-02-19 14:00:00,362.55499267578125,1.438924468250402,3.8982993111697684,-0.5540529885143463,1.0,0.0,0.0,36.537646709312796,0.0,1.0,0.01865486092417436,1.0,1.0,2025-02-20 16:00:00,354.3800048828125,-0.024548269802146416,5,0,0,2025,1.0,0.0,0.0,0.0,0.0,0.0
TSLA.US,2025-03-14 10:00:00,241.0399932861328,0.6350279550651261,2.531530774290729,-2.5326211038258344,1.0,0.0,0.0,21.720641978343977,0.0,1.0,0.03770892894425063,1.0,0.0,2025-03-14 14:00:00,249.10000610351562,0.031438487561750605,2,1,1,2025,1.0,0.0,0.0,0.0,0.0,0.0
TSLA.US,2025-03-21 10:00:00,238.92990112304688,0.6353954634448324,1.6111670999446357,-1.7181941115143302,1.0,0.0,1.0,20.731207166006243,0.0,1.0,0.02789384487288095,1.0,1.0,2025-03-21 16:00:00,249.11500549316406,0.04062800228118757,3,1,1,2025,1.0,0.0,0.0,0.0,0.0,0.0
TSLA.US,2025-03-27 10:00:00,282.38079833984375,1.08254752045469,3.5480545952255893,4.524722867644757,0.0,1.0,1.0,2.933452223353143,0.0,1.0,0.028405152620480247,1.0,1.0,2025-03-31 12:00:00,254.83999633789062,-0.09953071796619795,9,0,0,2025,1.0,0.0,0.0,0.0,0.0,0.0
TSLA.US,2025-04-02 14:00:00,278.6400146484375,0.2787497660340944,1.5135668149160617,1.8811218517701693,1.0,1.0,1.0,7.137085248107379,0.0,1.0,0.04227044008884905,1.0,0.0,2025-04-02 16:00:00,282.6700134277344,0.012463101376094745,1,1,1,2025,1.0,0.0,0.0,0.0,0.0,0.0
TSLA.US,2025-04-15 12:00:00,255.22000122070312,0.8608798348783934,2.4844469682639048,-0.5434340375419788,1.0,0.0,0.0,10.752754105753029,0.0,1.0,0.03792388872890329,1.0,1.0,2025-04-15 16:00:00,254.1199951171875,-0.006310030946847232,2,0,0,2025,1.0,0.0,0.0,0.0,0.0,0.0
TSLA.US,2025-04-24 10:00:00,256.389892578125,0.6233060473768455,2.2795337440395613,0.4229617503851022,1.0,1.0,1.0,38.86289040710051,0.0,1.0,0.03098624172185687,1.0,1.0,2025-04-24 14:00:00,257.1680908203125,0.001035214198041647,2,1,1,2025,1.0,0.0,0.0,0.0,0.0,0.0
TSLA.US,2025-05-01 12:00:00,284.130615234375,0.25850773010128386,3.5145577654495828,3.547606835765723,0.0,1.0,1.0,-11.892374734454307,0.0,1.0,0.029413593069767645,1.0,1.0,2025-05-01 14:00:00,283.1400146484375,-0.00548642677988209,1,0,0,2025,1.0,0.0,0.0,0.0,0.0,0.0
TSLA.US,2025-05-02 12:00:00,289.0799865722656,0.9690675465500901,3.6427652530397983,4.196659611654435,0.0,1.0,1.0,-11.074069761028284,0.0,1.0,0.02627489325871424,1.0,1.0,2025-05-05 16:00:00,280.20001220703125,-0.03271805305696773,6,0,0,2025,1.0,0.0,0.0,0.0,0.0,0.0
TSLA.US,2025-05-16 12:00:00,347.6600036621094,0.538997959988335,6.6838784125832085,6.194540325343491,0.0,1.0,0.0,-2.946916999051865,0.0,1.0,0.021885106642287874,1.0,1.0,2025-05-16 14:00:00,347.3299865722656,-0.002949252391323374,1,0,0,2025,1.0,0.0,0.0,0.0,0.0,0.0
TSLA.US,2025-05-20 10:00:00,345.5400085449219,0.42270778733469505,3.6830518496233364,4.9057379565591095,0.0,1.0,1.0,-36.83554022092514,0.0,1.0,0.022602761624213107,1.0,1.0,2025-05-20 12:00:00,349.2900085449219,0.008852578304293425,1,1,1,2025,1.0,0.0,0.0,0.0,0.0,0.0
TSLA.US,2025-06-11 12:00:00,328.95001220703125,3.4785098814499524,5.502049479700691,0.09277578448231544,1.0,1.0,0.0,54.013050517148315,0.0,1.0,0.02716439643416841,1.0,1.0,2025-06-13 16:00:00,325.3500061035156,-0.012943930597120288,10,0,0,2025,1.0,0.0,0.0,0.0,0.0,0.0
TSLA.US,2025-06-20 14:00:00,323.3550109863281,0.0387056605727031,0.8175180185170671,-0.37305402895178974,0.0,0.0,0.0,-1.985134136847174,0.0,1.0,0.021693997026927692,1.0,0.0,2025-06-20 16:00:00,322.1700134277344,-0.005664695205987889,1,0,0,2025,1.0,0.0,0.0,0.0,0.0,0.0
TSLA.US,2025-07-16 10:00:00,318.17999267578125,1.1677299821182008,4.614760752847667,-1.0066908434730981,0.0,0.0,1.0,16.61349811092911,0.0,1.0,0.015421783599975845,1.0,0.0,2025-07-16 14:00:00,319.4800109863281,0.002085795274599624,2,1,1,2025,1.0,0.0,0.0,0.0,0.0,0.0
TSLA.US,2025-07-17 10:00:00,321.8949890136719,2.0390482836494233,4.707352420093194,-0.167920960610096,1.0,0.0,1.0,21.52341636755782,0.0,1.0,0.014312266622541899,1.0,0.0,2025-07-18 16:00:00,329.54998779296875,0.021781043633990027,7,1,0,2025,1.0,0.0,0.0,0.0,0.0,0.0
TSLA.US,2025-07-23 14:00:00,332.8192138671875,0.8693916543609997,3.048493777083505,5.143102396450688,0.0,1.0,1.0,-0.7106227201142019,0.0,1.0,0.014408883044601108,1.0,0.0,2025-07-24 16:00:00,305.07000732421875,-0.08537621563532127,5,0,0,2025,1.0,0.0,0.0,0.0,0.0,0.0
TSLA.US,2025-08-07 10:00:00,319.29998779296875,2.2806394599510083,3.492432261571976,-0.09263660804002614,1.0,0.0,1.0,34.69564868693082,0.0,1.0,0.014721720237835653,1.0,0.0,2025-08-07 16:00:00,322.2900085449219,0.007364299612475424,3,1,1,2025,1.0,0.0,0.0,0.0,0.0,0.0
TSLA.US,2025-09-08 10:00:00,352.3299865722656,0.5062715695054345,2.7661448791465086,2.493115937135098,1.0,1.0,1.0,37.94340069169773,0.0,1.0,0.017487849005725958,1.0,1.0,2025-09-09 14:00:00,346.5849914550781,-0.01830572286247667,6,0,0,2025,1.0,0.0,0.0,0.0,0.0,0.0
TSLA.US,2025-09-10 10:00:00,349.1600036621094,0.4133707237058584,3.1491234956689818,2.1509107209571376,1.0,1.0,0.0,6.225019235157383,0.0,1.0,0.013064276374644478,1.0,1.0,2025-09-11 16:00:00,368.7950134277344,0.05423499129249154,7,1,1,2025,1.0,0.0,0.0,0.0,0.0,0.0
TSLA.US,2025-09-18 12:00:00,422.2121887207031,0.6423267338504846,6.056022552542868,4.01312762953554,0.0,1.0,0.0,-24.974271305175535,0.0,1.0,0.023796610667457193,1.0,1.0,2025-09-19 14:00:00,425.69989013671875,0.00626054175883284,5,1,1,2025,1.0,0.0,0.0,0.0,0.0,0.0
TSLA.US,2025-09-22 12:00:00,438.1496887207031,1.6416425178274254,4.036854981947358,5.112598413916161,0.0,1.0,0.0,-9.662937272635816,0.0,1.0,0.020492694413083653,1.0,0.0,2025-09-23 12:00:00,434.1300048828125,-0.011174225022565152,4,0,0,2025,1.0,0.0,0.0,0.0,0.0,0.0
TSLA.US,2025-10-22 16:00:00,438.8399963378906,1.1069737208950161,1.948221199219327,-0.9406069914331858,0.0,0.0,0.0,-12.827363370403013,0.0,1.0,0.015573186044870882,1.0,1.0,2025-10-23 12:00:00,436.3500061035156,-0.007674027561648698,2,0,0,2025,1.0,0.0,0.0,0.0,0.0,0.0
TSLA.US,2025-12-02 10:00:00,429.80999755859375,1.3486969575590917,3.866885839587492,1.0473110928627012,1.0,1.0,1.0,15.267442585927384,0.0,1.0,0.015524447616204883,1.0,1.0,2025-12-03 16:00:00,446.8800048828125,0.03771524027170092,7,1,0,2025,1.0,0.0,0.0,0.0,0.0,0.0
TSLA.US,2025-12-09 10:00:00,445.3948059082031,3.045708818256345,4.240080598803811,4.12284450209455,0.0,1.0,1.0,-30.380187890405622,0.0,1.0,0.014204634241690224,1.0,1.0,2025-12-09 12:00:00,449.7204895019531,0.0077120207428766924,1,1,1,2025,1.0,0.0,0.0,0.0,0.0,0.0
TSLA.US,2025-12-22 10:00:00,487.9649963378906,0.7594084952199627,2.5461035891626587,3.232580302592376,0.0,1.0,1.0,-8.141358345229094,0.0,1.0,0.018894422091977968,1.0,0.0,2025-12-22 12:00:00,494.94000244140625,0.012294070590845864,1,1,1,2025,1.0,0.0,0.0,0.0,0.0,0.0
TSLA.US,2026-01-15 10:00:00,443.32000732421875,1.6417688424533743,2.46546536882329,-2.829459061046975,0.0,0.0,1.0,-5.3266104321842,0.0,1.0,0.012550355426320573,1.0,0.0,2026-01-15 12:00:00,443.1200866699219,-0.002450962399607291,1,0,0,2026,1.0,0.0,0.0,0.0,0.0,0.0
TSLA.US,2026-01-23 10:00:00,446.1099853515625,1.3474129995213424,1.8953378391275302,-0.275129400368078,1.0,0.0,1.0,45.813201108299516,0.0,1.0,0.014924183277749465,1.0,0.0,2026-01-23 16:00:00,449.07000732421875,0.004635184303986241,3,1,1,2026,1.0,0.0,0.0,0.0,0.0,0.0
TSLA.US,2026-02-10 12:00:00,424.93499755859375,0.41580042281822444,3.619395064245683,0.18623286418535473,1.0,1.0,1.0,38.92828212097393,0.0,1.0,0.016150961142260174,1.0,1.0,2026-02-10 16:00:00,425.2200012207031,-0.00132930056656466,2,0,0,2026,1.0,0.0,0.0,0.0,0.0,0.0
TSLA.US,2026-03-11 12:00:00,407.4100036621094,0.7348858147165329,1.7233013646468787,0.5881156960153379,1.0,1.0,1.0,26.012226260771726,0.0,1.0,0.0191104198256741,1.0,1.0,2026-03-13 16:00:00,391.1700134277344,-0.04186154018899313,10,0,0,2026,1.0,0.0,0.0,0.0,0.0,0.0
TSLA.US,2026-04-13 12:00:00,353.07501220703125,1.020735441205689,2.819438226338596,-1.3790865287958842,1.0,0.0,0.0,27.989873871845944,0.0,1.0,0.01589697485246621,1.0,1.0,2026-04-13 16:00:00,352.4049987792969,-0.003897651786645027,2,0,0,2026,1.0,0.0,0.0,0.0,0.0,0.0
TSLA.US,2026-05-14 12:00:00,448.92010498046875,2.1770026380228256,4.864370568549721,4.498115303883078,0.0,1.0,0.0,-0.16302114108555088,0.0,1.0,0.01955316463831282,1.0,0.0,2026-05-14 16:00:00,443.17999267578125,-0.014786489713881744,2,0,0,2026,1.0,0.0,0.0,0.0,0.0,0.0
TSLA.US,2026-05-26 12:00:00,429.9273986816406,0.3458195608145144,3.4620520751258295,2.147275491094011,1.0,1.0,1.0,30.14819824899921,0.0,1.0,0.01654721906739631,1.0,0.0,2026-05-26 16:00:00,433.56500244140625,0.006460972180233783,2,1,1,2026,1.0,0.0,0.0,0.0,0.0,0.0
TSLA.US,2026-07-06 10:00:00,405.2250061035156,2.5829358911101217,3.5102596850962953,1.6615628004746112,0.0,1.0,1.0,-33.029750586406756,0.0,1.0,0.02394089362800726,1.0,1.0,2026-07-06 12:00:00,416.7099914550781,0.026342242405022365,1,1,1,2026,1.0,0.0,0.0,0.0,0.0,0.0
ARM.US,2024-09-16 16:00:00,138.39999389648438,2.6106263407741745,4.263462618685031,3.1559672207493468,1.0,1.0,0.0,35.06583312928844,0.0,1.0,0.03979234039924373,1.0,1.0,2024-09-19 16:00:00,140.52000427246094,0.013317994721605332,6,1,1,2024,0.0,1.0,0.0,0.0,0.0,0.0
ARM.US,2024-09-23 16:00:00,141.66000366210938,0.4760402573841637,1.655290183989336,4.022461398435289,1.0,1.0,0.0,3.8950497038158005,0.0,1.0,0.02899404276576845,1.0,1.0,2024-09-24 16:00:00,143.3000030517578,0.009577010781110841,2,1,1,2024,0.0,1.0,0.0,0.0,0.0,0.0
ARM.US,2024-09-27 12:00:00,145.8000030517578,0.7496966335052941,1.7849993907283281,3.7488284154783136,1.0,1.0,0.0,2.354215666115593,0.0,1.0,0.03167996802636023,1.0,1.0,2024-10-03 12:00:00,138.9499969482422,-0.04898220823139443,8,0,0,2024,0.0,1.0,0.0,0.0,0.0,0.0
ARM.US,2024-10-15 16:00:00,150.6699981689453,2.489607592052575,2.836981804943971,2.3240075654060477,0.0,1.0,1.0,9.265938785945906,0.0,1.0,0.03593886108119704,1.0,1.0,2024-10-17 16:00:00,154.61000061035156,0.024149880462521534,4,1,1,2024,0.0,1.0,0.0,0.0,0.0,0.0
ARM.US,2024-10-21 16:00:00,152.3800048828125,0.1042097204753363,1.4051104588315755,2.747180870603615,0.0,1.0,1.0,-10.441669762954042,0.0,1.0,0.027079475930602396,1.0,1.0,2024-10-22 16:00:00,152.5800018310547,-0.0006875118661664441,2,0,0,2024,0.0,1.0,0.0,0.0,0.0,0.0
ARM.US,2024-12-16 16:00:00,144.94000244140625,0.7649300194493284,1.8511610453583995,1.6208466148683274,0.0,1.0,0.0,11.025289033011575,0.0,1.0,0.03395360868294301,1.0,0.0,2024-12-18 16:00:00,136.60000610351562,-0.05954102523395621,4,0,0,2024,0.0,1.0,0.0,0.0,0.0,0.0
ARM.US,2025-01-16 12:00:00,148.35110473632812,0.20179189896957533,2.7079176130668383,0.20034656507594667,1.0,1.0,1.0,21.649509463792562,0.0,1.0,0.030535263998770445,1.0,1.0,2025-01-17 16:00:00,149.17999267578125,0.003587339177058004,3,1,1,2025,0.0,1.0,0.0,0.0,0.0,0.0
ARM.US,2025-02-06 12:00:00,167.24009704589844,0.5629163416317443,2.235656928315089,1.6318149842884764,1.0,1.0,1.0,15.62805787919244,0.0,1.0,0.04296815855707978,1.0,0.0,2025-02-12 12:00:00,155.6999969482422,-0.07100318943542061,8,0,0,2025,0.0,1.0,0.0,0.0,0.0,0.0
ARM.US,2025-04-30 16:00:00,114.05999755859375,0.7808191445525096,4.003376140861282,0.5108904196448791,1.0,1.0,1.0,19.39109328058546,0.0,1.0,0.03078586391073364,1.0,1.0,2025-05-05 16:00:00,121.93000030517578,0.06699879813287857,6,1,1,2025,0.0,1.0,0.0,0.0,0.0,0.0
ARM.US,2025-05-07 12:00:00,120.75330352783203,2.7818855391677864,4.2480191036247055,7.133700074923926,1.0,1.0,1.0,16.732901025057842,0.0,1.0,0.02834380611398599,1.0,1.0,2025-05-12 16:00:00,124.80999755859375,0.031594890675820775,7,1,0,2025,0.0,1.0,0.0,0.0,0.0,0.0
ARM.US,2025-05-21 16:00:00,130.22000122070312,3.1995189178590215,3.7090111124331653,4.188577299688242,0.0,1.0,0.0,-24.54831543317644,0.0,1.0,0.032858003560014434,1.0,0.0,2025-05-27 12:00:00,135.33999633789062,0.037318039235077816,5,1,0,2025,0.0,1.0,0.0,0.0,0.0,0.0
ARM.US,2025-06-12 16:00:00,138.50999450683594,2.3962797993850318,4.626074150534501,4.137240058933601,1.0,1.0,0.0,17.048658914771764,0.0,1.0,0.025033496871022735,1.0,1.0,2025-06-16 16:00:00,142.0399932861328,0.023485516708490417,4,1,0,2025,0.0,1.0,0.0,0.0,0.0,0.0
ARM.US,2025-06-20 16:00:00,145.0500030517578,1.4292981594078105,2.8714203642250395,4.308060829178847,1.0,1.0,0.0,8.449018560366497,0.0,1.0,0.025803628229189725,1.0,0.0,2025-06-26 16:00:00,158.13999938964844,0.08824471604609174,8,1,1,2025,0.0,1.0,0.0,0.0,0.0,0.0
ARM.US,2025-07-22 12:00:00,154.74000549316406,1.3554958947728823,2.2028575506860366,1.3261856226889346,1.0,1.0,1.0,18.435078956422863,0.0,1.0,0.03278200412766551,1.0,1.0,2025-07-23 12:00:00,157.19000244140625,0.013832989926773733,2,1,1,2025,0.0,1.0,0.0,0.0,0.0,0.0
ARM.US,2025-07-24 12:00:00,160.35000610351562,0.9280142108635646,3.0932823974454937,2.7051761032240633,1.0,1.0,0.0,12.648583293484627,0.0,1.0,0.026135892312673152,1.0,0.0,2025-07-24 16:00:00,159.9698944091797,-0.004370512503071298,1,0,0,2025,0.0,1.0,0.0,0.0,0.0,0.0
ARM.US,2025-07-28 12:00:00,163.9550018310547,1.9172691616472664,3.016944860706669,3.570505176515982,1.0,1.0,1.0,16.951941512255594,0.0,1.0,0.02384062397949824,1.0,1.0,2025-07-31 12:00:00,144.25999450683594,-0.12212446771531382,6,0,0,2025,0.0,1.0,0.0,0.0,0.0,0.0
ARM.US,2025-09-12 16:00:00,150.5500030517578,2.88085825606446,4.9955220291915605,3.6544601535644325,1.0,1.0,0.0,42.819580036730514,0.0,1.0,0.026978672913228065,1.0,1.0,2025-09-16 16:00:00,153.7899932861328,0.019521024036519785,4,1,1,2025,0.0,1.0,0.0,0.0,0.0,0.0
ARM.US,2025-10-10 12:00:00,158.9600067138672,1.154656246945158,2.1397280696150176,1.6559081889892644,1.0,1.0,1.0,11.644204114094975,0.0,1.0,0.03887679311178992,1.0,1.0,2025-10-15 16:00:00,170.6300048828125,0.0714146809011631,7,1,1,2025,0.0,1.0,0.0,0.0,0.0,0.0
ARM.US,2025-10-16 12:00:00,170.75010681152344,0.2942974684215231,1.7157271902656026,1.8932367513079813,0.0,1.0,0.0,-0.8481377134920223,0.0,1.0,0.04330036899446742,1.0,0.0,2025-10-20 12:00:00,172.3800048828125,0.007545517140367998,4,1,1,2025,0.0,1.0,0.0,0.0,0.0,0.0
ARM.US,2025-10-21 12:00:00,172.89999389648438,0.4783507325741655,1.829638898787385,2.3994060161477395,0.0,1.0,0.0,-4.217549724686677,0.0,1.0,0.034797471833781395,1.0,1.0,2025-10-24 12:00:00,172.57000732421875,-0.003908540103611522,6,0,0,2025,0.0,1.0,0.0,0.0,0.0,0.0
ARM.US,2026-02-12 16:00:00,122.12999725341797,3.408545915024619,4.920408600276781,4.32566821521841,0.0,1.0,0.0,21.111557739171985,0.0,1.0,0.03679300320762012,1.0,1.0,2026-02-13 12:00:00,126.77999877929688,0.03607419659750111,1,1,1,2026,0.0,1.0,0.0,0.0,0.0,0.0
ARM.US,2026-02-20 12:00:00,127.46499633789062,0.5093628679677172,2.7316162645843565,5.619456546915969,0.0,1.0,0.0,-1.4201426292088826,0.0,1.0,0.03270498778401382,1.0,1.0,2026-02-24 16:00:00,128.0399932861328,0.0025110184345666937,5,1,0,2026,0.0,1.0,0.0,0.0,0.0,0.0
ARM.US,2026-02-26 12:00:00,127.16000366210938,0.2895014590980707,1.1244651509271701,5.122091605517791,1.0,1.0,1.0,-4.434170290268895,0.0,1.0,0.033205867975588124,1.0,1.0,2026-02-26 16:00:00,129.32000732421875,0.014986502043904839,1,1,1,2026,0.0,1.0,0.0,0.0,0.0,0.0
ARM.US,2026-02-27 12:00:00,127.08999633789062,0.029465965068333128,1.2970387267589003,5.4129281761520325,0.0,1.0,1.0,-6.7686123968436505,0.0,1.0,0.03070843867972959,1.0,1.0,2026-03-04 12:00:00,124.11000061035156,-0.02544791732951368,6,0,0,2026,0.0,1.0,0.0,0.0,0.0,0.0
ARM.US,2026-03-23 12:00:00,134.02000427246094,1.33336440435191,3.7056024897737228,4.273904868784198,1.0,1.0,1.0,39.29107530431923,0.0,1.0,0.03427928283731746,1.0,0.0,2026-03-31 16:00:00,151.22000122070312,0.12633902701028732,13,1,1,2026,0.0,1.0,0.0,0.0,0.0,0.0
ARM.US,2026-04-28 12:00:00,197.72999572753906,2.8740417111178242,3.2575580046641206,1.7217591222301425,0.0,1.0,1.0,6.19063262381286,0.0,1.0,0.06446032864167799,1.0,0.0,2026-04-30 16:00:00,210.27000427246094,0.06141985948455342,5,1,1,2026,0.0,1.0,0.0,0.0,0.0,0.0
ARM.US,2026-06-05 12:00:00,352.1099853515625,1.735119821340789,2.9602678691106634,1.9943219916233763,0.0,1.0,1.0,-36.54342972309064,0.0,1.0,0.08261210741246855,1.0,0.0,2026-06-09 12:00:00,306.32000732421875,-0.13204453134615013,4,0,0,2026,0.0,1.0,0.0,0.0,0.0,0.0
ARM.US,2026-06-22 16:00:00,407.82000732421875,2.2231774571152614,4.268314840121657,2.616143046574305,0.0,1.0,0.0,7.919320904619838,0.0,1.0,0.0628711087790357,1.0,0.0,2026-06-25 12:00:00,359.1099853515625,-0.12144000073035055,5,0,0,2026,0.0,1.0,0.0,0.0,0.0,0.0
MU.US,2024-07-31 10:00:00,109.86499786376953,0.4439291286037576,1.0179429965933913,-2.1345681832005616,1.0,0.0,1.0,16.47187711824151,0.0,1.0,0.0263510010666002,1.0,1.0,2024-07-31 12:00:00,109.79499816894531,-0.0026371428224212217,1,0,0,2024,0.0,0.0,1.0,0.0,0.0,0.0
MU.US,2024-07-31 16:00:00,109.80000305175781,0.5521719567799477,0.8997872567822779,-2.0461583965778973,1.0,0.0,1.0,42.99680741249149,0.0,1.0,0.024413020038324837,1.0,1.0,2024-08-02 16:00:00,92.69000244140625,-0.15782878082695684,8,0,0,2024,0.0,0.0,1.0,0.0,0.0,0.0
MU.US,2024-08-09 10:00:00,92.76000213623047,0.5693176726280793,1.8650229932928657,-2.839779160558028,1.0,0.0,1.0,39.56800627670799,0.0,1.0,0.0276463096630075,1.0,0.0,2024-08-09 12:00:00,93.08499908447266,0.0015036323928161472,1,1,1,2024,0.0,0.0,1.0,0.0,0.0,0.0
MU.US,2024-08-19 16:00:00,108.6500015258789,0.3888619163590991,3.1860206211517337,4.045679346789645,0.0,1.0,0.0,12.403276553430715,0.0,1.0,0.017396526816627827,1.0,1.0,2024-08-20 12:00:00,107.37999725341797,-0.013688948500920504,2,0,0,2024,0.0,0.0,1.0,0.0,0.0,0.0
MU.US,2024-08-20 16:00:00,108.01000213623047,0.19081219770248914,3.312830983075672,3.760839293262853,0.0,1.0,0.0,-1.9114878377749847,0.0,1.0,0.015905262694102626,1.0,1.0,2024-08-21 14:00:00,107.8499984741211,-0.0034813781959522876,3,0,0,2024,0.0,0.0,1.0,0.0,0.0,0.0
MU.US,2024-08-21 16:00:00,108.31999969482422,0.32513459700799335,1.356552019088979,3.860075873104144,0.0,1.0,0.0,-13.044675607920098,0.0,1.0,0.0150318045758298,1.0,1.0,2024-08-23 12:00:00,101.0999984741211,-0.06865436891658439,6,0,1,2024,0.0,0.0,1.0,0.0,0.0,0.0
MU.US,2024-09-12 10:00:00,87.1449966430664,0.5340480932100283,1.0106156664832067,-3.333844987383437,1.0,0.0,1.0,45.018747771317216,0.0,1.0,0.025831626464056578,1.0,1.0,2024-09-13 12:00:00,90.9563980102539,0.041736318939783246,5,1,1,2024,0.0,0.0,1.0,0.0,0.0,0.0
MU.US,2024-09-16 10:00:00,87.84449768066406,0.6163709941950464,1.3091564166385357,-2.1819097839375954,1.0,0.0,1.0,29.474665741895354,0.0,1.0,0.02584729189871539,1.0,1.0,2024-09-17 12:00:00,88.69999694824219,0.007738791730451668,5,1,1,2024,0.0,0.0,1.0,0.0,0.0,0.0
MU.US,2024-09-18 12:00:00,87.3499984741211,0.4149251758350072,0.8942021497192489,-2.7933972529640516,0.0,0.0,0.0,-0.3952115921820969,0.0,1.0,0.017078754856822864,1.0,1.0,2024-09-19 14:00:00,90.01000213623047,0.028452246234411227,5,1,1,2024,0.0,0.0,1.0,0.0,0.0,0.0
MU.US,2024-09-19 16:00:00,89.2300033569336,0.9471355574841057,1.7576073367196035,-1.1679173843815698,1.0,0.0,1.0,13.860630390625918,0.0,1.0,0.016761969270785194,1.0,1.0,2024-09-23 14:00:00,93.50399780273438,0.045898624733926585,7,1,1,2024,0.0,0.0,1.0,0.0,0.0,0.0
MU.US,2024-09-25 12:00:00,95.20500183105469,1.0186838897297654,1.9297655471124981,5.523753107064689,1.0,1.0,1.0,26.230271239801638,0.0,1.0,0.014623086447858055,1.0,1.0,2024-09-27 14:00:00,107.9000015258789,0.1313438312133226,9,1,1,2024,0.0,0.0,1.0,0.0,0.0,0.0
MU.US,2024-10-15 14:00:00,104.70999908447266,1.8743544340108849,2.369401602090738,1.6525480800707393,0.0,1.0,0.0,-19.723506280703056,0.0,1.0,0.017686415913553567,1.0,1.0,2024-10-15 16:00:00,104.33999633789062,-0.005533595165859382,1,0,0,2024,0.0,0.0,1.0,0.0,0.0,0.0
MU.US,2024-10-18 14:00:00,110.63999938964844,0.9616813891373134,4.338453237174277,3.5000940940773915,0.0,1.0,0.0,4.349650235872787,0.0,1.0,0.016520611508310114,1.0,1.0,2024-10-21 16:00:00,109.0999984741211,-0.015919024982129826,5,0,0,2024,0.0,0.0,1.0,0.0,0.0,0.0
MU.US,2024-11-08 12:00:00,112.73500061035156,0.7007132445159674,3.4969546553306077,5.542527266458577,0.0,1.0,1.0,44.56105932949431,0.0,1.0,0.014208480537007536,1.0,1.0,2024-11-12 12:00:00,102.98999786376953,-0.0884416791042908,8,0,0,2024,0.0,0.0,1.0,0.0,0.0,0.0
MU.US,2024-12-03 16:00:00,99.87000274658203,0.8568030526978768,1.8630453508612976,-1.146387921015279,1.0,0.0,0.0,10.706506295192256,0.0,1.0,0.01809073375928633,1.0,1.0,2024-12-04 12:00:00,101.4000015258789,0.0133199032464153,2,1,1,2024,0.0,0.0,1.0,0.0,0.0,0.0
MU.US,2024-12-05 14:00:00,101.23999786376953,1.9961745074319848,2.750077844258074,-0.4504666440843874,1.0,0.0,0.0,18.57399576811261,0.0,1.0,0.014948835483675678,1.0,1.0,2024-12-09 12:00:00,103.18000030517578,0.0171624109279096,7,1,1,2024,0.0,0.0,1.0,0.0,0.0,0.0
MU.US,2024-12-10 10:00:00,101.60199737548828,0.29505656111830364,0.801215235526773,-0.19159391028239028,1.0,0.0,1.0,1.0911945200215776,0.0,1.0,0.017045619175657077,1.0,0.0,2024-12-11 12:00:00,101.01360321044922,-0.007791167302199307,5,0,0,2024,0.0,0.0,1.0,0.0,0.0,0.0
MU.US,2024-12-18 10:00:00,110.7842025756836,0.9020835180970062,2.8919325657248054,3.056845806250307,1.0,1.0,1.0,30.181984155467035,0.0,1.0,0.02062111756038627,1.0,0.0,2024-12-19 16:00:00,87.08499908447266,-0.21592222844245812,7,0,0,2024,0.0,0.0,1.0,0.0,0.0,0.0
MU.US,2025-01-08 14:00:00,100.16000366210938,0.37623733930188963,1.7480503119096058,0.4305892277572311,0.0,1.0,0.0,15.206567771444995,0.0,1.0,0.02965908687537073,1.0,1.0,2025-01-10 14:00:00,99.93000030517578,-0.00429635931034422,4,0,0,2025,0.0,0.0,1.0,0.0,0.0,0.0
MU.US,2025-01-10 16:00:00,99.37000274658203,0.13615127814999914,0.6508073852888454,0.19028461406448213,0.0,1.0,0.0,-9.133327730764393,0.0,1.0,0.023745818940942732,1.0,0.0,2025-01-14 12:00:00,96.0958023071289,-0.034949585880591605,6,0,0,2025,0.0,0.0,1.0,0.0,0.0,0.0
MU.US,2025-01-15 16:00:00,103.12999725341797,2.0112517780699157,3.4418808615066627,2.23411664340492,1.0,1.0,0.0,32.94279567267306,0.0,1.0,0.01908489707839655,1.0,0.0,2025-01-16 12:00:00,104.05500030517578,0.006969291926623768,2,1,1,2025,0.0,0.0,1.0,0.0,0.0,0.0
MU.US,2025-01-17 10:00:00,103.88500213623047,0.3910378450205346,4.228762577893444,2.4522955364582266,1.0,1.0,1.0,15.765966376058103,0.0,1.0,0.018521532176661377,1.0,1.0,2025-01-17 12:00:00,104.80000305175781,0.006807824967144384,1,1,1,2025,0.0,0.0,1.0,0.0,0.0,0.0
MU.US,2025-01-21 16:00:00,109.36000061035156,3.430620728179449,4.748734528547211,7.695838172728368,1.0,1.0,0.0,35.234602788578314,0.0,1.0,0.015364664992923898,1.0,1.0,2025-01-22 12:00:00,109.83999633789062,0.002389134279993989,2,1,1,2025,0.0,0.0,1.0,0.0,0.0,0.0
MU.US,2025-01-22 16:00:00,109.23999786376953,3.8156607663149997,4.763286536980175,7.380316437113115,1.0,1.0,0.0,18.09444283264915,0.0,1.0,0.014190676398554496,1.0,1.0,2025-01-24 12:00:00,103.66999816894531,-0.05298864705005235,6,0,0,2025,0.0,0.0,1.0,0.0,0.0,0.0
MU.US,2025-02-07 10:00:00,93.69000244140625,1.6762261497779438,2.4091405127097985,-1.6607154502984618,1.0,0.0,1.0,33.85366904357552,0.0,1.0,0.017512552828208718,1.0,1.0,2025-02-10 14:00:00,95.93000030517578,0.021908611435573766,6,1,0,2025,0.0,0.0,1.0,0.0,0.0,0.0
MU.US,2025-02-10 16:00:00,95.91000366210938,2.3179532395895994,3.0382775765022565,-0.07072302601633146,1.0,0.0,0.0,28.417743392631706,0.0,1.0,0.015823946624408298,1.0,0.0,2025-02-13 12:00:00,94.9000015258789,-0.012530727741276058,10,0,0,2025,0.0,0.0,1.0,0.0,0.0,0.0
MU.US,2025-02-13 16:00:00,95.66999816894531,0.847246162759537,2.2803844385822662,0.4018213592723421,1.0,1.0,1.0,12.083908587416442,0.0,1.0,0.016877167796357083,1.0,0.0,2025-02-14 12:00:00,98.5103988647461,0.02768956569628922,2,1,1,2025,0.0,0.0,1.0,0.0,0.0,0.0
MU.US,2025-03-18 16:00:00,101.7300033569336,0.34114714576006666,2.9533451640271364,5.166445590694285,1.0,1.0,0.0,13.49491140550866,0.0,1.0,0.019818698025479965,1.0,1.0,2025-03-19 12:00:00,102.10009765625,0.0016380053779991872,2,1,1,2025,0.0,0.0,1.0,0.0,0.0,0.0
MU.US,2025-03-20 12:00:00,103.02999877929688,0.3262653604254496,1.6953888281097982,5.060968441820615,0.0,1.0,1.0,-7.300499440040809,0.0,1.0,0.019359995748663168,1.0,1.0,2025-03-21 16:00:00,94.72000122070312,-0.0826560968363671,6,0,0,2025,0.0,0.0,1.0,0.0,0.0,0.0
MU.US,2025-04-10 12:00:00,67.94000244140625,0.4739126135693573,0.8265932369536243,-1.9249366989325358,1.0,0.0,0.0,51.91242663851695,0.0,1.0,0.0753720850247801,1.0,0.0,2025-04-10 14:00:00,70.33999633789062,0.033325195911704686,1,1,1,2025,0.0,0.0,1.0,0.0,0.0,0.0
MU.US,2025-04-10 16:00:00,70.05000305175781,0.7553213782204047,1.2840457504588798,-1.5832106665312602,1.0,0.0,0.0,37.71042734818802,0.0,1.0,0.06433540170323536,1.0,1.0,2025-04-11 14:00:00,69.12999725341797,-0.015133558290641001,3,0,0,2025,0.0,0.0,1.0,0.0,0.0,0.0
MU.US,2025-04-11 16:00:00,69.5199966430664,0.44530201890857696,1.347331706346829,-1.9403071737028705,1.0,0.0,0.0,16.10263178589804,0.0,1.0,0.04885414325169448,1.0,1.0,2025-04-14 12:00:00,70.55000305175781,0.012815973222491952,2,1,1,2025,0.0,0.0,1.0,0.0,0.0,0.0
MU.US,2025-04-15 12:00:00,72.06500244140625,0.831975668687525,2.0674287729224163,-1.245334240088913,1.0,0.0,0.0,20.517166322053445,0.0,1.0,0.03716376992226191,1.0,1.0,2025-04-15 14:00:00,70.95999908447266,-0.017333425650433276,1,0,0,2025,0.0,0.0,1.0,0.0,0.0,0.0
MU.US,2025-04-15 16:00:00,71.0199966430664,0.5216541868852935,1.9804547526543652,-1.8850007945332872,1.0,0.0,0.0,15.029923225961767,0.0,1.0,0.03193698121512078,1.0,1.0,2025-04-21 16:00:00,66.76000213623047,-0.061983028839692755,12,0,0,2025,0.0,0.0,1.0,0.0,0.0,0.0
MU.US,2025-04-22 16:00:00,70.22000122070312,0.8213890643485428,2.5611054250864353,-1.912545762217748,1.0,0.0,1.0,16.294182887260092,0.0,1.0,0.02225637054876366,1.0,0.0,2025-04-23 14:00:00,73.55500030517578,0.045493577705740584,3,1,1,2025,0.0,0.0,1.0,0.0,0.0,0.0
MU.US,2025-04-25 16:00:00,79.79000091552734,3.886149801362446,4.7986942962050225,7.198008305808189,1.0,1.0,0.0,55.256962808679546,0.0,1.0,0.020113469126721944,1.0,1.0,2025-04-28 10:00:00,79.04000091552734,-0.011399674036775774,1,0,0,2025,0.0,0.0,1.0,0.0,0.0,0.0
MU.US,2025-04-28 12:00:00,77.02999877929688,2.098553736451579,2.9825336584186775,5.063829743524792,1.0,1.0,0.0,25.759414295289815,0.0,1.0,0.021507365261979848,1.0,1.0,2025-04-29 14:00:00,77.61499786376953,0.005594431958239722,5,1,1,2025,0.0,0.0,1.0,0.0,0.0,0.0
MU.US,2025-05-01 10:00:00,79.31999969482422,1.247788569363239,2.1133720690966062,5.341065711571737,0.0,1.0,1.0,-15.150769482494013,0.0,1.0,0.021757091628044088,1.0,1.0,2025-05-01 12:00:00,78.70999908447266,-0.009690375853485643,1,0,0,2025,0.0,0.0,1.0,0.0,0.0,0.0
MU.US,2025-05-01 16:00:00,77.75,0.3889781768508624,0.8416974800926854,4.778309527113145,1.0,1.0,0.0,-4.649257502819296,0.0,1.0,0.019290363998292794,1.0,1.0,2025-05-02 14:00:00,81.41000366210938,0.045074002085008,3,1,1,2025,0.0,0.0,1.0,0.0,0.0,0.0
MU.US,2025-05-05 10:00:00,79.91000366210938,1.5397820025131224,2.2972868593617006,5.5435713738289145,1.0,1.0,0.0,11.127405420364795,0.0,1.0,0.018895719030482094,1.0,1.0,2025-05-05 12:00:00,79.96320343017578,-0.0013342539653564672,1,0,0,2025,0.0,0.0,1.0,0.0,0.0,0.0
MU.US,2025-05-05 14:00:00,80.81990051269531,2.4387767732969188,3.3010819501365427,6.7692050662049645,1.0,1.0,0.0,10.078283971350032,0.0,1.0,0.016412346979985535,1.0,1.0,2025-05-06 12:00:00,80.19000244140625,-0.009793848634967238,3,0,0,2025,0.0,0.0,1.0,0.0,0.0,0.0
MU.US,2025-05-06 16:00:00,80.48999786376953,0.49014265075860786,2.4359488467611046,6.328172797129439,0.0,1.0,0.0,-4.5904941860113695,0.0,1.0,0.01564954502993122,1.0,1.0,2025-05-07 12:00:00,81.37000274658203,0.00893309611340687,2,1,1,2025,0.0,0.0,1.0,0.0,0.0,0.0
MU.US,2025-05-20 16:00:00,98.12000274658203,0.045478832070934436,2.277838604653985,7.531922582079614,0.0,1.0,0.0,-25.02434699111066,0.0,1.0,0.013128886276404314,1.0,0.0,2025-05-21 16:00:00,95.83999633789062,-0.025236917497648892,4,0,0,2025,0.0,0.0,1.0,0.0,0.0,0.0
MU.US,2025-06-12 12:00:00,116.07499694824219,0.48489097451783386,3.3091444446291463,5.714075462005239,0.0,1.0,0.0,-6.9594294271424815,0.0,1.0,0.016459385463547405,1.0,1.0,2025-06-12 16:00:00,116.22000122070312,-0.00075077082685082,2,0,0,2025,0.0,0.0,1.0,0.0,0.0,0.0
MU.US,2025-06-13 14:00:00,115.56999969482422,0.1276527974233639,1.9191126095433326,4.878029779640022,0.0,1.0,0.0,-27.644711497640287,0.0,1.0,0.016078133356280794,1.0,1.0,2025-06-16 12:00:00,119.91000366210938,0.035553032610066815,3,1,1,2025,0.0,0.0,1.0,0.0,0.0,0.0
MU.US,2025-06-20 10:00:00,121.61000061035156,0.8224276012061292,3.128149129001629,5.2813569087074645,0.0,1.0,1.0,-14.319351436342515,0.0,1.0,0.014963695853764798,1.0,0.0,2025-06-20 16:00:00,123.60900115966797,0.014437797379192265,3,1,1,2025,0.0,0.0,1.0,0.0,0.0,0.0
MU.US,2025-07-25 16:00:00,111.26000213623047,1.5649520377187094,2.401831960176435,-5.874581807886288,1.0,0.0,0.0,24.095987021355256,0.0,1.0,0.011712870228710757,1.0,1.0,2025-07-28 12:00:00,111.0999984741211,-0.00343810586947013,2,0,0,2025,0.0,0.0,1.0,0.0,0.0,0.0
MU.US,2025-07-28 14:00:00,110.9000015258789,1.2517463130190618,1.8103495736803568,-6.145038082254031,1.0,0.0,0.0,20.302110177703696,0.0,1.0,0.011065541040555344,1.0,1.0,2025-07-29 14:00:00,112.33000183105469,0.010894502123537821,4,1,1,2025,0.0,0.0,1.0,0.0,0.0,0.0
MU.US,2025-07-29 16:00:00,111.97000122070312,0.6181725203026408,1.7842465136220351,-4.133193827346152,1.0,0.0,0.0,30.562002947653998,0.0,1.0,0.012785948200469348,1.0,1.0,2025-07-30 12:00:00,113.55999755859375,0.012200199344077902,2,1,1,2025,0.0,0.0,1.0,0.0,0.0,0.0
MU.US,2025-08-06 12:00:00,107.76000213623047,0.021706709815607433,2.107777654282885,-3.1480484654422414,1.0,0.0,0.0,12.856515915888828,0.0,1.0,0.0172726342156985,1.0,0.0,2025-08-06 16:00:00,108.80000305175781,0.0076510847708835,2,1,1,2025,0.0,0.0,1.0,0.0,0.0,0.0
MU.US,2025-08-12 16:00:00,127.76000213623047,1.936330892821858,2.4555439362298705,6.480097343974994,1.0,1.0,0.0,53.39090860785913,0.0,1.0,0.01971820149941379,1.0,1.0,2025-08-14 14:00:00,124.29000091552734,-0.02916030966407679,7,0,0,2025,0.0,0.0,1.0,0.0,0.0,0.0
MU.US,2025-08-14 16:00:00,125.2699966430664,0.618854459746939,1.8472267421094497,5.906126870760868,0.0,1.0,0.0,-12.883053561354501,0.0,1.0,0.01589439116790302,1.0,1.0,2025-08-18 12:00:00,122.375,-0.02511005604410732,6,0,0,2025,0.0,0.0,1.0,0.0,0.0,0.0
MU.US,2025-08-29 14:00:00,118.12999725341797,0.2906787704437756,1.162658599238791,0.5192501185493684,0.0,1.0,0.0,10.614187914852778,0.0,1.0,0.014864799027222179,1.0,1.0,2025-09-02 16:00:00,118.48999786376953,0.001047495290965596,5,1,0,2025,0.0,0.0,1.0,0.0,0.0,0.0
MU.US,2025-09-09 14:00:00,135.0800018310547,2.5299931134122966,4.136018368976191,5.6156490519497275,1.0,1.0,1.0,39.50693646639334,0.0,1.0,0.01614625183667754,1.0,1.0,2025-09-10 14:00:00,139.7100067138672,0.03227602028465526,4,1,1,2025,0.0,0.0,1.0,0.0,0.0,0.0
MU.US,2025-09-15 10:00:00,158.08999633789062,0.8707217173694956,3.288330261043645,6.251384588420249,1.0,1.0,0.0,33.22340465668077,0.0,1.0,0.02032654851582333,1.0,1.0,2025-09-15 12:00:00,157.47000122070312,-0.0059217858912613535,1,0,0,2025,0.0,0.0,1.0,0.0,0.0,0.0
MU.US,2025-09-17 10:00:00,159.31629943847656,0.8958514137321538,3.8075642931771134,8.181183186074453,0.0,1.0,0.0,-20.523563624754274,0.0,1.0,0.013878425197730833,1.0,1.0,2025-09-18 12:00:00,169.60499572753906,0.06258031177805323,5,1,0,2025,0.0,0.0,1.0,0.0,0.0,0.0
MU.US,2025-10-03 12:00:00,190.25999450683594,2.418139753857466,6.438121346662332,6.542792195126868,1.0,1.0,1.0,47.493058798051834,0.0,1.0,0.01940637564730854,1.0,1.0,2025-10-06 14:00:00,192.64500427246094,0.010535529456978445,5,1,0,2025,0.0,0.0,1.0,0.0,0.0,0.0
MU.US,2025-10-07 10:00:00,190.16879272460938,1.9563227999649975,2.430428201118521,3.729983765455761,0.0,1.0,1.0,-7.992903968296446,0.0,1.0,0.024649493359263388,1.0,1.0,2025-10-07 16:00:00,185.64999389648438,-0.02576204193854692,3,0,0,2025,0.0,0.0,1.0,0.0,0.0,0.0
MU.US,2025-10-20 16:00:00,206.77000427246094,1.1828097347179987,3.417004039573648,3.795310323146825,1.0,1.0,0.0,22.04338803890964,0.0,1.0,0.02097564382450294,1.0,0.0,2025-10-22 16:00:00,198.49000549316406,-0.04204448715098108,8,0,0,2025,0.0,0.0,1.0,0.0,0.0,0.0
MU.US,2025-10-27 10:00:00,218.11000061035156,2.8207266532009556,3.6475095570301783,4.600982366621819,1.0,1.0,1.0,32.299762409659806,0.0,1.0,0.02128769465130442,1.0,1.0,2025-10-27 14:00:00,218.47000122070312,-0.00034945390241558454,2,0,0,2025,0.0,0.0,1.0,0.0,0.0,0.0
MU.US,2025-10-28 10:00:00,218.4532012939453,0.17329644954614276,2.4640985297177864,5.076933353032309,1.0,1.0,0.0,26.95874096851655,0.0,1.0,0.016926940598488698,1.0,1.0,2025-10-28 12:00:00,221.41000366210938,0.011535175271638389,1,1,1,2025,0.0,0.0,1.0,0.0,0.0,0.0
MU.US,2025-10-28 16:00:00,221.91000366210938,1.1873581741129768,3.6419300507709083,6.01382790620175,1.0,1.0,0.0,20.454967776674522,0.0,1.0,0.01555148328079051,1.0,1.0,2025-10-29 12:00:00,229.03500366210938,0.03010761066386558,2,1,1,2025,0.0,0.0,1.0,0.0,0.0,0.0
MU.US,2025-10-29 16:00:00,226.69000244140625,2.0249634653510666,4.349367436848873,5.426364551913732,1.0,1.0,1.0,15.465981376077792,0.0,1.0,0.018355756009005676,1.0,1.0,2025-10-31 10:00:00,228.3553924560547,0.005346552546263707,5,1,0,2025,0.0,0.0,1.0,0.0,0.0,0.0
MU.US,2025-10-31 12:00:00,220.88499450683594,0.6634984770212465,1.0230905499661502,2.7740545943989647,0.0,1.0,0.0,-35.1396708601785,0.0,1.0,0.02281296600220375,1.0,1.0,2025-10-31 16:00:00,223.72999572753906,0.010880011279422066,2,1,1,2025,0.0,0.0,1.0,0.0,0.0,0.0
MU.US,2025-11-11 12:00:00,243.66009521484375,0.8718250790063675,2.7126769237366717,2.341727782185466,0.0,1.0,0.0,1.4974092682671767,0.0,1.0,0.029986936087995204,1.0,0.0,2025-11-12 12:00:00,242.60000610351562,-0.006350688242132583,4,0,0,2025,0.0,0.0,1.0,0.0,0.0,0.0
MU.US,2025-11-25 16:00:00,224.5399932861328,0.15373060405999636,2.6143045949492825,-2.56735443805018,1.0,0.0,1.0,23.78298367404276,0.0,1.0,0.02852936893390157,1.0,1.0,2025-11-26 12:00:00,231.11480712890625,0.027281259639101885,2,1,1,2025,0.0,0.0,1.0,0.0,0.0,0.0
MU.US,2025-11-26 16:00:00,230.24000549316406,1.0770903210689085,4.143104570052034,-1.769690955021795,1.0,0.0,0.0,33.084681913257796,0.0,1.0,0.02397718877571473,1.0,1.0,2025-11-28 10:00:00,234.94619750976562,0.018440374845027918,1,1,1,2025,0.0,0.0,1.0,0.0,0.0,0.0
MU.US,2025-12-01 10:00:00,237.16000366210938,2.52063802768132,4.889496383033948,-0.44694698081985856,1.0,0.0,0.0,37.202212145436725,0.0,1.0,0.024158132685188474,1.0,1.0,2025-12-01 16:00:00,240.4600067138672,0.01191466942486419,3,1,1,2025,0.0,0.0,1.0,0.0,0.0,0.0
MU.US,2025-12-11 14:00:00,257.7793884277344,2.585914031595643,3.010192384373463,5.663598825549652,0.0,1.0,0.0,10.721645046425309,0.0,1.0,0.02193833435271715,1.0,0.0,2025-12-15 12:00:00,244.13999938964844,-0.05491109239290326,7,0,0,2025,0.0,0.0,1.0,0.0,0.0,0.0
MU.US,2025-12-19 16:00:00,265.94000244140625,1.6921841238409085,3.691743006598539,3.787309135379015,1.0,1.0,1.0,60.17291876153264,0.0,1.0,0.029849591451553196,1.0,0.0,2025-12-22 12:00:00,273.32000732421875,0.025750638546521376,2,1,1,2025,0.0,0.0,1.0,0.0,0.0,0.0
MU.US,2025-12-31 12:00:00,287.625,0.2135015916712508,1.4717656618449457,5.644207839696734,0.0,1.0,0.0,-21.00807533537906,0.0,1.0,0.016115123623240572,1.0,1.0,2026-01-02 12:00:00,307.8500061035156,0.06831727458849413,4,1,1,2025,0.0,0.0,1.0,0.0,0.0,0.0
MU.US,2026-01-08 12:00:00,324.95001220703125,1.5362511703450192,2.631840293067904,3.4462452436359983,0.0,1.0,1.0,-31.9853385506147,0.0,1.0,0.024428360797723144,1.0,1.0,2026-01-09 12:00:00,338.8900146484375,0.04089891342587437,4,1,1,2026,0.0,0.0,1.0,0.0,0.0,0.0
MU.US,2026-01-21 12:00:00,383.1000061035156,1.9401274169263256,3.1508418644558382,4.553895740223133,1.0,1.0,1.0,22.80928378565983,0.0,1.0,0.02677519253286923,1.0,0.0,2026-01-22 12:00:00,392.1400146484375,0.021596993998687752,4,1,1,2026,0.0,0.0,1.0,0.0,0.0,0.0
MU.US,2026-01-23 12:00:00,398.0,0.22758369326898759,3.0078466911938837,3.7214041922784777,0.0,1.0,1.0,4.82234640887873,0.0,1.0,0.028770648363530132,1.0,0.0,2026-01-23 14:00:00,400.1300048828125,0.0033517710623429692,1,1,1,2026,0.0,0.0,1.0,0.0,0.0,0.0
MU.US,2026-01-30 10:00:00,435.8999938964844,0.39337911163061545,3.0454946813586665,4.530673936960896,0.0,1.0,1.0,-7.4647232141547875,0.0,1.0,0.026127602387656056,1.0,1.0,2026-01-30 16:00:00,414.7300109863281,-0.05056614637894119,3,0,0,2026,0.0,0.0,1.0,0.0,0.0,0.0
MU.US,2026-02-13 16:00:00,411.739990234375,1.65711465490137,3.3817835421651448,1.0855365031680662,1.0,1.0,0.0,18.502579184429894,0.0,1.0,0.030717549698755557,1.0,0.0,2026-02-18 14:00:00,422.1400146484375,0.023258718270582568,7,1,0,2026,0.0,0.0,1.0,0.0,0.0,0.0
MU.US,2026-02-18 16:00:00,420.9599914550781,1.2127695472172326,1.8042923127629198,1.7197321547836275,1.0,1.0,0.0,12.151054753424077,0.0,1.0,0.02805136331058269,1.0,0.0,2026-02-25 12:00:00,427.7799987792969,0.014201081961839003,18,1,0,2026,0.0,0.0,1.0,0.0,0.0,0.0
MU.US,2026-02-25 14:00:00,426.9100036621094,0.5455118581640751,1.0441275916734802,1.5737677630626203,1.0,1.0,0.0,-0.14750788236556645,0.0,1.0,0.024598719199914205,1.0,1.0,2026-02-25 16:00:00,428.8800048828125,0.0026145585809751477,1,1,1,2026,0.0,0.0,1.0,0.0,0.0,0.0
MU.US,2026-03-10 16:00:00,403.45001220703125,2.1329792999864097,2.441927404181799,0.2866270400479131,1.0,1.0,0.0,36.183606936538574,0.0,1.0,0.027745965084619368,1.0,0.0,2026-03-11 14:00:00,421.3399963378906,0.0423425048694237,3,1,1,2026,0.0,0.0,1.0,0.0,0.0,0.0
MU.US,2026-03-12 12:00:00,404.4750061035156,2.3454033336689073,2.7165194814427878,0.16710510931117195,1.0,1.0,1.0,19.765982689149123,0.0,1.0,0.02601340265302983,1.0,1.0,2026-03-13 14:00:00,422.6000061035156,0.04281117430371295,5,1,1,2026,0.0,0.0,1.0,0.0,0.0,0.0
MU.US,2026-03-13 16:00:00,426.1300048828125,1.0296518821642628,3.011538528955356,2.194992879110436,1.0,1.0,0.0,24.92514893681158,0.0,1.0,0.022067359676538615,1.0,0.0,2026-03-16 12:00:00,448.95721435546875,0.051568650907212854,2,1,1,2026,0.0,0.0,1.0,0.0,0.0,0.0
MU.US,2026-03-18 16:00:00,461.8399963378906,1.1315186166591846,3.006275966787442,7.128089449486783,1.0,1.0,1.0,22.756867681313906,0.0,1.0,0.018974102183024397,1.0,1.0,2026-03-20 12:00:00,430.45001220703125,-0.06996722756747531,6,0,0,2026,0.0,0.0,1.0,0.0,0.0,0.0
MU.US,2026-04-02 14:00:00,363.82000732421875,0.4526115091719159,2.8157471802646503,-1.298521576953099,1.0,0.0,0.0,49.29715490413408,0.0,1.0,0.0355263048560138,1.0,1.0,2026-04-06 12:00:00,381.2349853515625,0.04586701576811403,3,1,1,2026,0.0,0.0,1.0,0.0,0.0,0.0
MU.US,2026-04-07 10:00:00,370.375,0.4092586024980983,3.8077763070001382,-0.8739574935159783,1.0,0.0,0.0,38.9072173267593,0.0,1.0,0.029230675624987358,1.0,1.0,2026-04-08 14:00:00,405.1499938964844,0.0918913098791343,6,1,1,2026,0.0,0.0,1.0,0.0,0.0,0.0
MU.US,2026-04-13 12:00:00,414.19500732421875,0.7985974912677474,1.6137951089786315,6.582250017231456,0.0,1.0,1.0,5.836743108620709,0.0,1.0,0.024811432116206608,1.0,1.0,2026-04-15 12:00:00,445.80999755859375,0.07432875740973821,8,1,1,2026,0.0,0.0,1.0,0.0,0.0,0.0
MU.US,2026-04-17 12:00:00,457.3800048828125,0.23696389211626606,3.2509450043850223,7.058273821478239,0.0,1.0,0.0,-9.478966837211829,0.0,1.0,0.024470766503611865,1.0,1.0,2026-04-17 14:00:00,459.239990234375,0.002066608360020041,1,1,1,2026,0.0,0.0,1.0,0.0,0.0,0.0
MU.US,2026-04-28 10:00:00,501.95001220703125,1.5117589961831086,2.1082542984871417,4.599315029314558,1.0,1.0,1.0,2.3706066362925924,0.0,1.0,0.030079072050011965,1.0,0.0,2026-04-29 12:00:00,515.0399780273438,0.02407822592285047,5,1,1,2026,0.0,0.0,1.0,0.0,0.0,0.0
MU.US,2026-05-07 14:00:00,640.8699951171875,0.12504351530559873,2.7492666052708623,3.9126552483157293,0.0,1.0,0.0,-14.748574535468805,0.0,1.0,0.03943737264966294,1.0,1.0,2026-05-08 14:00:00,733.1209106445312,0.1419463795000655,4,1,1,2026,0.0,0.0,1.0,0.0,0.0,0.0
MU.US,2026-05-12 12:00:00,717.4349975585938,2.0518712981915797,2.606096421227459,2.7502324935533173,0.0,1.0,1.0,-23.33156819912699,0.0,1.0,0.04805837876070241,1.0,1.0,2026-05-13 12:00:00,793.4349975585938,0.10393294202070624,4,1,1,2026,0.0,0.0,1.0,0.0,0.0,0.0
MU.US,2026-05-22 16:00:00,750.7899780273438,1.1297253350970649,2.6739026850404635,2.3840049926894067,1.0,1.0,0.0,17.150752666147337,0.0,1.0,0.028703396813794788,1.0,0.0,2026-05-27 14:00:00,916.7940063476562,0.2191058127819956,7,1,1,2026,0.0,0.0,1.0,0.0,0.0,0.0
MU.US,2026-06-02 16:00:00,1064.0799560546875,1.0695664635959004,1.9372728092619222,7.1566552845373055,0.0,1.0,0.0,2.8684807462506114,0.0,1.0,0.02800426915860485,1.0,1.0,2026-06-03 12:00:00,1063.5760498046875,-0.002473560513129412,2,0,0,2026,0.0,0.0,1.0,0.0,0.0,0.0
MU.US,2026-06-03 16:00:00,1079.0,1.324102591195567,2.4743383015960156,7.184206751287906,0.0,1.0,0.0,-5.37726387468345,0.0,1.0,0.026675749052225,1.0,1.0,2026-06-04 16:00:00,997.1699829101562,-0.07783875541227414,4,0,0,2026,0.0,0.0,1.0,0.0,0.0,0.0
MU.US,2026-06-23 12:00:00,1085.550048828125,0.23621430014396563,1.2931647743519825,1.509531981824264,0.0,1.0,0.0,-12.738019121500443,0.0,1.0,0.04518724530252301,1.0,0.0,2026-06-24 12:00:00,1044.04052734375,-0.040238238328288434,4,0,0,2026,0.0,0.0,1.0,0.0,0.0,0.0
SPY.US,2024-08-16 16:00:00,554.260009765625,1.0738186878594687,2.460349239639083,13.395854305879956,1.0,1.0,0.0,49.876174072662934,0.0,1.0,0.004384915911867358,1.0,1.0,2024-08-23 12:00:00,558.5599975585938,0.005758069709534077,18,1,1,2024,0.0,0.0,0.0,1.0,0.0,0.0
SPY.US,2024-09-17 12:00:00,563.739990234375,0.8097838540935217,4.833507684237887,5.384509584677466,1.0,1.0,1.0,28.464243346785224,0.0,1.0,0.004867797516702491,1.0,1.0,2024-09-30 12:00:00,571.8800048828125,0.012439306753904813,36,1,0,2024,0.0,0.0,0.0,1.0,0.0,0.0
SPY.US,2024-10-15 14:00:00,580.5399780273438,2.1663681803253803,4.9226877465517695,3.847512781436741,0.0,1.0,0.0,5.754252588819099,0.0,1.0,0.0034956717339726545,1.0,1.0,2024-10-16 16:00:00,582.239990234375,0.0009283292647783731,5,1,1,2024,0.0,0.0,0.0,1.0,0.0,0.0
SPY.US,2024-10-17 12:00:00,584.2899780273438,0.7600862963701174,2.571757666070988,4.507828457429515,0.0,1.0,0.0,-7.474915145519233,1.0,1.0,0.003735519052474374,1.0,0.0,2024-10-21 16:00:00,583.6699829101562,-0.0030611085941961696,10,0,0,2024,0.0,0.0,0.0,1.0,0.0,0.0
SPY.US,2024-11-08 16:00:00,598.239990234375,1.947299459921363,5.900055519494934,8.883494326314032,1.0,1.0,1.0,72.83658730136403,0.0,1.0,0.003978520975038578,1.0,1.0,2024-11-14 12:00:00,594.8298950195312,-0.007700212741558408,14,0,0,2024,0.0,0.0,0.0,1.0,0.0,0.0
SPY.US,2024-11-26 14:00:00,599.6801147460938,2.345617566704151,4.101607398475457,4.199973175643555,1.0,1.0,0.0,30.964050123308894,1.0,1.0,0.004007280106681039,1.0,1.0,2024-12-09 16:00:00,604.6300048828125,0.006254217565333954,31,1,1,2024,0.0,0.0,0.0,1.0,0.0,0.0
SPY.US,2025-01-23 14:00:00,607.6599731445312,0.4051897767139361,1.2558712036388249,9.640291075151415,1.0,1.0,0.0,35.81790944820537,1.0,1.0,0.0032848050929048245,1.0,1.0,2025-01-28 12:00:00,603.7200927734375,-0.00848369243527025,11,0,1,2025,0.0,0.0,0.0,1.0,0.0,0.0
SPY.US,2025-02-07 10:00:00,604.5830078125,0.6796391107503352,2.64332264855919,1.9946473819572417,1.0,1.0,0.0,14.435740422751993,0.0,1.0,0.004919947607450509,1.0,1.0,2025-02-10 12:00:00,603.6286010742188,-0.0035786198519447403,5,0,0,2025,0.0,0.0,0.0,1.0,0.0,0.0
SPY.US,2025-02-11 16:00:00,605.2100219726562,0.31195008269169067,1.5724862595093259,2.3101085604862712,1.0,1.0,1.0,7.002624051885203,0.0,1.0,0.003755455721523083,1.0,0.0,2025-02-13 12:00:00,606.5399780273438,0.0001975116181198739,6,1,0,2025,0.0,0.0,0.0,1.0,0.0,0.0
SPY.US,2025-02-18 12:00:00,610.0349731445312,0.14785362925770598,3.3993877474692806,4.021133054762218,1.0,1.0,0.0,22.26401204639002,0.0,1.0,0.003148393840191945,1.0,1.0,2025-02-21 12:00:00,605.7199096679688,-0.009073469008374689,12,0,1,2025,0.0,0.0,0.0,1.0,0.0,0.0
SPY.US,2025-04-28 10:00:00,550.9400024414062,1.2288940658810144,3.911725663092935,9.027511905771052,1.0,1.0,0.0,35.88684327498942,1.0,1.0,0.008644326026320592,1.0,1.0,2025-05-07 12:00:00,559.1799926757812,0.012956238788000009,29,1,0,2025,0.0,0.0,0.0,1.0,0.0,0.0
SPY.US,2025-05-13 16:00:00,586.8300170898438,1.6763260027150133,2.8974598435607444,10.655134942701705,1.0,1.0,1.0,57.74239365182552,0.0,1.0,0.006452972320427947,1.0,1.0,2025-05-20 12:00:00,592.6799926757812,0.007968773606619852,18,1,1,2025,0.0,0.0,0.0,1.0,0.0,0.0
SPY.US,2025-06-05 12:00:00,597.8900146484375,0.664612769290948,3.1094316351275832,4.302165855399018,0.0,1.0,1.0,8.273478859188387,0.0,1.0,0.0050334188920250255,1.0,1.0,2025-06-06 16:00:00,599.0399780273438,-7.66305662716054e-05,6,0,0,2025,0.0,0.0,0.0,1.0,0.0,0.0
SPY.US,2025-06-09 12:00:00,599.7899780273438,1.2511408108414692,1.8385865466829732,3.840472883080379,1.0,1.0,0.0,8.668294332291921,1.0,1.0,0.005050186033952625,1.0,0.0,2025-06-12 16:00:00,603.6799926757812,0.004485627954690765,14,1,1,2025,0.0,0.0,0.0,1.0,0.0,0.0
SPY.US,2025-06-13 12:00:00,600.8800048828125,0.21090497918300494,0.561777210404499,2.146125534199517,0.0,1.0,1.0,-24.1387264020401,0.0,1.0,0.005597814231196719,1.0,0.0,2025-06-13 16:00:00,596.9400024414062,-0.008557053670265933,2,0,0,2025,0.0,0.0,0.0,1.0,0.0,0.0
SPY.US,2025-06-26 16:00:00,611.8800048828125,2.4244964189372227,4.183240690060329,5.9474437614984605,1.0,1.0,1.0,47.99249606099153,0.0,1.0,0.0033837557853519003,1.0,1.0,2025-07-08 12:00:00,621.875,0.014334894158049451,24,1,1,2025,0.0,0.0,0.0,1.0,0.0,0.0
SPY.US,2025-07-11 12:00:00,623.9450073242188,1.801184040386174,2.0387068861524895,4.264857788996785,0.0,1.0,1.0,-8.765033370431155,0.0,1.0,0.003643744767409188,1.0,1.0,2025-07-14 12:00:00,623.885009765625,-0.0020961584080159117,4,0,0,2025,0.0,0.0,0.0,1.0,0.0,0.0
SPY.US,2025-07-21 16:00:00,628.72998046875,0.6618643276997145,3.115951575974516,4.221982791176524,1.0,1.0,1.0,16.141283370241,0.0,1.0,0.0029725993856584212,1.0,1.0,2025-07-22 16:00:00,628.8300170898438,-0.001840890964004636,4,0,0,2025,0.0,0.0,0.0,1.0,0.0,0.0
SPY.US,2025-07-25 16:00:00,637.030029296875,1.0073499430986106,5.009817742367778,7.313881969084222,1.0,1.0,1.0,29.338189078069547,0.0,1.0,0.002401707371329185,1.0,1.0,2025-07-30 12:00:00,636.5700073242188,-0.002722135459083506,10,0,0,2025,0.0,0.0,0.0,1.0,0.0,0.0
SPY.US,2025-08-07 16:00:00,632.2899780273438,0.912635139107164,2.4447093078639806,0.9362648736623748,1.0,1.0,0.0,14.640508089927135,0.0,1.0,0.004747939237223149,1.0,0.0,2025-08-19 16:00:00,639.75,0.009798418813991685,32,1,1,2025,0.0,0.0,0.0,1.0,0.0,0.0
SPY.US,2025-08-25 12:00:00,644.9400024414062,0.32544320325565196,2.8338335369411114,2.503683563951607,1.0,1.0,0.0,30.32096377447865,1.0,1.0,0.004187882372254272,1.0,0.0,2025-09-02 10:00:00,639.469970703125,-0.010481458302438294,19,0,0,2025,0.0,0.0,0.0,1.0,0.0,0.0
SPY.US,2025-09-05 12:00:00,645.7249755859375,0.7047839652562513,1.2689457151723011,1.1731772428001022,1.0,1.0,1.0,17.353658166977603,0.0,1.0,0.004746185981090614,1.0,0.0,2025-09-18 12:00:00,663.4600219726562,0.025465325110935577,36,1,1,2025,0.0,0.0,0.0,1.0,0.0,0.0
SPY.US,2025-09-23 14:00:00,662.6749877929688,0.14567441022586636,1.8477323759455224,2.763002100800454,0.0,1.0,1.0,-15.209079802032804,0.0,1.0,0.003005919287825901,1.0,1.0,2025-09-24 12:00:00,660.9099731445312,-0.0046634695453284785,3,0,0,2025,0.0,0.0,0.0,1.0,0.0,0.0
SPY.US,2025-10-06 16:00:00,671.5800170898438,1.385430482799386,3.3396392844934173,4.328924732861993,1.0,1.0,0.0,10.986555556369126,1.0,1.0,0.0028665643860577685,1.0,1.0,2025-10-08 12:00:00,672.6400146484375,-0.0004216362434561454,6,0,0,2025,0.0,0.0,0.0,1.0,0.0,0.0
SPY.US,2025-10-10 10:00:00,672.5700073242188,0.5054446041260835,1.569534146151286,3.336943515689722,0.0,1.0,0.0,-11.265570332943064,0.0,1.0,0.002978736858575391,1.0,1.0,2025-10-10 12:00:00,661.5700073242188,-0.018355174747923808,1,0,0,2025,0.0,0.0,0.0,1.0,0.0,0.0
SPY.US,2025-10-29 12:00:00,688.469970703125,2.0349890497298713,3.2085186396046232,9.925518841201399,1.0,1.0,1.0,41.515796261969996,0.0,1.0,0.0032675728715034777,1.0,1.0,2025-10-31 12:00:00,681.77001953125,-0.011731653459093437,8,0,0,2025,0.0,0.0,0.0,1.0,0.0,0.0
SPY.US,2025-12-03 16:00:00,683.8099975585938,0.8730605143275609,1.7650050488475548,8.78045783126776,1.0,1.0,1.0,9.479843130234386,0.0,1.0,0.0036863809734714917,1.0,1.0,2025-12-09 12:00:00,684.6500244140625,-0.0007715493214959217,14,0,1,2025,0.0,0.0,0.0,1.0,0.0,0.0
SPY.US,2025-12-26 12:00:00,690.1400146484375,2.8602768860642342,3.936666563606449,7.767085555048759,1.0,1.0,0.0,42.82508061498244,1.0,1.0,0.002754890177858754,1.0,1.0,2025-12-31 16:00:00,681.8400268554688,-0.014026527395599285,14,0,0,2025,0.0,0.0,0.0,1.0,0.0,0.0
SPY.US,2026-01-07 16:00:00,689.5900268554688,0.6840528535694793,3.5201866455877107,3.2592871769262755,1.0,1.0,1.0,12.778956122682587,0.0,1.0,0.0033257531010304595,1.0,1.0,2026-01-14 16:00:00,690.4400024414062,-0.0007674189694804028,20,0,1,2026,0.0,0.0,0.0,1.0,0.0,0.0
SPY.US,2026-01-27 16:00:00,695.5399780273438,2.702963667156551,4.750675489784414,6.915347138879975,1.0,1.0,0.0,36.93133455027953,0.0,1.0,0.003083136557716694,1.0,1.0,2026-01-30 12:00:00,691.0700073242188,-0.008426619381106669,10,0,0,2026,0.0,0.0,0.0,1.0,0.0,0.0
SPY.US,2026-04-10 12:00:00,679.52001953125,1.156503262132862,2.2786515548010384,8.520036310226242,1.0,1.0,0.0,42.14091461641695,1.0,1.0,0.0058440294836181106,1.0,1.0,2026-04-22 12:00:00,709.155029296875,0.04161168017694017,32,1,1,2026,0.0,0.0,0.0,1.0,0.0,0.0
SPY.US,2026-04-24 10:00:00,709.8599853515625,0.14652773007483028,0.6767484776710185,8.394453385091547,0.0,1.0,0.0,-45.55638473401032,0.0,1.0,0.004834851397339226,1.0,1.0,2026-04-24 12:00:00,713.3012084960938,0.0028477491555281027,1,1,1,2026,0.0,0.0,0.0,1.0,0.0,0.0
SPY.US,2026-04-28 14:00:00,711.3499755859375,0.30762026579477975,1.0327475731614477,9.291790395323668,0.0,1.0,0.0,-25.037127808343456,0.0,1.0,0.003623289066364568,1.0,1.0,2026-04-28 16:00:00,711.6799926757812,-0.0015360693031978272,1,0,0,2026,0.0,0.0,0.0,1.0,0.0,0.0
SPY.US,2026-05-04 12:00:00,717.0,1.824424362330578,2.491262498554931,5.525431430723892,0.0,1.0,1.0,-4.615223557539096,0.0,1.0,0.004831393327948055,1.0,0.0,2026-05-04 16:00:00,718.0700073242188,-0.0005076606356781959,2,0,0,2026,0.0,0.0,0.0,1.0,0.0,0.0
SPY.US,2026-05-11 14:00:00,740.3400268554688,0.8512774112718874,4.2247388146266065,9.680469284238686,1.0,1.0,0.0,14.138803147079102,0.0,1.0,0.003672821946696433,1.0,1.0,2026-05-12 16:00:00,738.2000122070312,-0.004890583476253483,5,0,0,2026,0.0,0.0,0.0,1.0,0.0,0.0
SPY.US,2026-05-15 12:00:00,741.3099975585938,0.9309362723000436,1.9780457875168609,4.456589533330624,0.0,1.0,1.0,-19.803542106285448,0.0,1.0,0.005016540045065344,1.0,0.0,2026-05-18 12:00:00,734.8300170898438,-0.01074125600638187,4,0,0,2026,0.0,0.0,0.0,1.0,0.0,0.0
SPY.US,2026-05-27 12:00:00,749.6701049804688,0.13500695495793752,3.413905504829206,4.574458130484832,1.0,1.0,0.0,21.752644727764846,0.0,1.0,0.004190236521126162,1.0,1.0,2026-06-03 16:00:00,754.1900024414062,0.004029181944043671,22,1,1,2026,0.0,0.0,0.0,1.0,0.0,0.0
IONQ.US,2024-09-19 16:00:00,7.718599796295166,3.032224339950965,3.8165100404544887,1.869416768286743,0.0,1.0,0.0,12.470900816804075,0.0,1.0,0.04000934512010047,1.0,1.0,2024-09-24 16:00:00,8.119999885559082,0.05000426241254052,6,1,1,2024,0.0,0.0,0.0,0.0,1.0,0.0
IONQ.US,2024-09-26 12:00:00,7.840000152587891,0.10718322284459567,0.5443641982742197,1.3991957466834681,0.0,1.0,1.0,-16.371160931060487,0.0,1.0,0.041651359860632495,1.0,1.0,2024-09-26 16:00:00,8.050000190734863,0.02478571863007617,1,1,1,2024,0.0,0.0,0.0,0.0,1.0,0.0
IONQ.US,2024-10-02 12:00:00,8.819899559020996,1.0295878389672872,1.9522316633620673,0.681352579030964,0.0,1.0,1.0,-8.499827181443258,0.0,1.0,0.07053137123999684,1.0,0.0,2024-10-02 16:00:00,9.210000038146973,0.04222958294655199,1,1,1,2024,0.0,0.0,0.0,0.0,1.0,0.0
IONQ.US,2024-10-04 12:00:00,9.350000381469727,0.7863438623545072,1.8118696108084278,1.55735568797722,1.0,1.0,0.0,8.635129907695799,0.0,1.0,0.05985795127314157,1.0,0.0,2024-10-04 16:00:00,9.300100326538086,-0.007336904053023894,1,0,0,2024,0.0,0.0,0.0,0.0,1.0,0.0
IONQ.US,2024-10-08 12:00:00,9.479999542236328,0.28753760610155066,1.5650712105944136,1.7206777666061348,0.0,1.0,0.0,1.5884129731869052,0.0,1.0,0.05600799991116087,1.0,0.0,2024-10-08 16:00:00,9.550000190734863,0.005384035008299428,1,1,1,2024,0.0,0.0,0.0,0.0,1.0,0.0
IONQ.US,2024-10-09 12:00:00,9.380000114440918,0.10703272011875047,1.4854515233664334,1.5339362647745873,1.0,1.0,0.0,3.1984990103638893,0.0,1.0,0.05246222196680434,1.0,0.0,2024-10-09 16:00:00,9.539999961853027,0.015057552820898492,1,1,1,2024,0.0,0.0,0.0,0.0,1.0,0.0
IONQ.US,2024-10-23 16:00:00,14.744999885559082,4.151611695105681,4.578863441538226,3.031146572837998,0.0,1.0,1.0,6.628365814258359,0.0,1.0,0.06696564374118477,1.0,0.0,2024-10-24 16:00:00,15.6899995803833,0.06208950167234173,2,1,1,2024,0.0,0.0,0.0,0.0,1.0,0.0
IONQ.US,2024-10-28 12:00:00,17.030000686645508,2.4722005806307865,4.439343587826276,4.185858364267813,1.0,1.0,1.0,11.975648350544333,0.0,1.0,0.06017829577773729,1.0,0.0,2024-11-01 12:00:00,15.026000022888184,-0.1196747259516443,8,0,0,2024,0.0,0.0,0.0,0.0,1.0,0.0
IONQ.US,2024-11-19 12:00:00,27.389999389648438,0.5850574194180517,2.056785904227395,2.0738283233132346,0.0,1.0,0.0,-17.436523111278646,0.0,1.0,0.11051671653135896,1.0,0.0,2024-11-20 12:00:00,28.350000381469727,0.03304932505343916,2,1,1,2024,0.0,0.0,0.0,0.0,1.0,0.0
IONQ.US,2024-11-26 16:00:00,30.649999618530273,1.3493461605850574,2.262072889554115,2.4577564357856403,0.0,1.0,0.0,-8.139828060400518,0.0,1.0,0.08345287052724679,1.0,1.0,2024-11-27 16:00:00,32.2400016784668,0.04987608742987537,2,1,1,2024,0.0,0.0,0.0,0.0,1.0,0.0
IONQ.US,2024-12-19 12:00:00,37.209999084472656,0.15672181371662694,1.7620544668179818,1.26516955124432,0.0,1.0,1.0,1.0544861725050296,0.0,1.0,0.11917751171874774,1.0,0.0,2024-12-20 16:00:00,44.459999084472656,0.1928401015420973,3,1,1,2024,0.0,0.0,0.0,0.0,1.0,0.0
IONQ.US,2024-12-27 12:00:00,45.650001525878906,0.7110458911077098,2.3048780446063803,2.5652939711316005,1.0,1.0,1.0,12.304027503926022,0.0,1.0,0.09168421235265144,1.0,1.0,2024-12-27 16:00:00,45.43000030517578,-0.006819303687830234,1,0,0,2024,0.0,0.0,0.0,0.0,1.0,0.0
IONQ.US,2024-12-30 12:00:00,43.97999954223633,0.6875258907150629,1.568591776045807,2.1752564876868608,1.0,1.0,0.0,3.775019758508435,0.0,1.0,0.08881714439009732,1.0,1.0,2025-01-03 12:00:00,46.040000915527344,0.04483950420037375,6,1,0,2024,0.0,0.0,0.0,0.0,1.0,0.0
IONQ.US,2025-04-15 12:00:00,25.040000915527344,1.1521769852011432,2.0164618982425098,1.2350634183260631,1.0,1.0,0.0,14.471333897804154,0.0,1.0,0.07851511145704275,1.0,1.0,2025-04-17 16:00:00,25.709999084472656,0.02475711439490591,5,1,1,2025,0.0,0.0,0.0,0.0,1.0,0.0
IONQ.US,2025-04-22 12:00:00,25.67009925842285,0.16833514078277464,2.059355549471336,1.8614161972379517,0.0,1.0,0.0,0.013312974808311395,0.0,1.0,0.05834041440260264,1.0,0.0,2025-04-22 16:00:00,25.540000915527344,-0.0070680888135958835,1,0,0,2025,0.0,0.0,0.0,0.0,1.0,0.0
IONQ.US,2025-04-23 12:00:00,26.579999923706055,1.000978954890686,1.9006761976742836,2.3664100392791445,1.0,1.0,1.0,6.951696535966221,0.0,1.0,0.05720510067901791,1.0,0.0,2025-04-23 16:00:00,26.795000076293945,0.006088794326750026,1,1,1,2025,0.0,0.0,0.0,0.0,1.0,0.0
IONQ.US,2025-04-28 12:00:00,27.6299991607666,1.212781645784122,1.8290394705782798,1.872561172922047,1.0,1.0,1.0,12.158738666322286,0.0,1.0,0.06877817545531566,1.0,1.0,2025-05-05 16:00:00,29.799999237060547,0.07653782635561024,11,1,1,2025,0.0,0.0,0.0,0.0,1.0,0.0
IONQ.US,2025-05-06 12:00:00,28.670000076293945,0.7400563386367549,1.2744516403458974,2.2871438420803027,1.0,1.0,0.0,6.405530549323785,0.0,1.0,0.051693371755284864,1.0,1.0,2025-05-12 16:00:00,32.91999816894531,0.14623850998750143,9,1,1,2025,0.0,0.0,0.0,0.0,1.0,0.0
IONQ.US,2025-05-15 16:00:00,32.540000915527344,1.13020613577673,2.7450561185669433,2.69406441622426,0.0,1.0,0.0,3.251476418072201,0.0,1.0,0.052021787556459975,1.0,1.0,2025-05-16 16:00:00,35.0,0.07359923218375819,2,1,1,2025,0.0,0.0,0.0,0.0,1.0,0.0
IONQ.US,2025-05-19 12:00:00,34.21269989013672,0.6142037880567507,2.3021536037346353,3.1693431975398947,1.0,1.0,1.0,2.4408545545973794,0.0,1.0,0.05323700171205916,1.0,1.0,2025-05-19 16:00:00,35.08000183105469,0.02335029225121188,1,1,1,2025,0.0,0.0,0.0,0.0,1.0,0.0
IONQ.US,2025-05-21 16:00:00,33.52000045776367,0.09806354579989107,1.089715659038338,2.1785881919509493,0.0,1.0,1.0,-8.592924532915092,0.0,1.0,0.05579392490562258,1.0,0.0,2025-05-27 12:00:00,46.3849983215332,0.38180064701907934,5,1,1,2025,0.0,0.0,0.0,0.0,1.0,0.0
IONQ.US,2025-05-29 12:00:00,44.040000915527344,2.7547759027060845,3.435252469342708,2.0011204722184366,0.0,1.0,1.0,5.697112472332378,0.0,1.0,0.07806277188360541,1.0,0.0,2025-06-03 12:00:00,40.43000030517578,-0.08397094766814073,6,0,0,2025,0.0,0.0,0.0,0.0,1.0,0.0
IONQ.US,2025-08-29 12:00:00,42.480201721191406,1.7397349149119703,3.104166627127261,0.2268426808631316,1.0,1.0,1.0,38.84832997924004,0.0,1.0,0.03400887539978012,1.0,1.0,2025-08-29 16:00:00,42.7599983215332,0.0045865176954236215,1,1,1,2025,0.0,0.0,0.0,0.0,1.0,0.0
IONQ.US,2025-09-09 12:00:00,42.8650016784668,0.4574118592936373,1.4841171498231758,0.5244833299703778,0.0,1.0,1.0,-1.271572621535622,0.0,1.0,0.03544671693048198,1.0,1.0,2025-09-10 16:00:00,43.880001068115234,0.02167897701864141,3,1,1,2025,0.0,0.0,0.0,0.0,1.0,0.0
IONQ.US,2025-09-22 12:00:00,71.27999877929688,3.885427427581429,4.97475663102916,4.900886306031155,1.0,1.0,1.0,12.874989558144932,0.0,1.0,0.05574946686459834,1.0,0.0,2025-09-22 16:00:00,71.91000366210938,0.00683845249160542,1,1,1,2025,0.0,0.0,0.0,0.0,1.0,0.0
IONQ.US,2025-09-24 12:00:00,73.58499908447266,0.8446332603806115,4.641915010051709,4.56728625592436,0.0,1.0,1.0,-0.9270073291733638,0.0,1.0,0.053913027545070116,1.0,1.0,2025-09-24 16:00:00,73.83999633789062,0.0014653428904067862,1,1,1,2025,0.0,0.0,0.0,0.0,1.0,0.0
IONQ.US,2026-04-22 12:00:00,47.68000030517578,0.7300436797578056,4.14462238217001,3.923400306162853,1.0,1.0,0.0,36.25543015306357,0.0,1.0,0.05395525656495997,1.0,1.0,2026-04-22 16:00:00,47.375,-0.008396818440092877,1,0,0,2026,0.0,0.0,0.0,0.0,1.0,0.0
IONQ.US,2026-04-27 16:00:00,43.86000061035156,0.6667203133340859,1.1715692907798734,1.9999224133761209,0.0,1.0,0.0,-36.02084122180892,0.0,1.0,0.054763030194638615,1.0,0.0,2026-04-28 12:00:00,43.779998779296875,-0.003824027130446604,1,0,0,2026,0.0,0.0,0.0,0.0,1.0,0.0
IONQ.US,2026-05-08 12:00:00,46.36000061035156,1.5479711577886552,2.062785745981323,1.4673651873533229,0.0,1.0,1.0,-10.111206560045957,0.0,1.0,0.05748570635039772,1.0,1.0,2026-05-12 12:00:00,53.70000076293945,0.15632614443384996,4,1,1,2026,0.0,0.0,0.0,0.0,1.0,0.0
IONQ.US,2026-05-15 12:00:00,51.7400016784668,0.8974299666434299,1.806161557240211,1.4623987986089588,0.0,1.0,1.0,-3.23439874284864,0.0,1.0,0.07182391284423228,1.0,0.0,2026-05-20 12:00:00,51.779998779296875,-0.0012269598080294469,6,0,0,2026,0.0,0.0,0.0,0.0,1.0,0.0
IONQ.US,2026-06-01 12:00:00,69.88999938964844,2.3856362833569213,4.041980133413736,3.8467256781769072,1.0,1.0,1.0,16.378024644401407,0.0,1.0,0.05987809215795881,1.0,1.0,2026-06-02 16:00:00,71.4000015258789,0.019605410636963194,3,1,1,2026,0.0,0.0,0.0,0.0,1.0,0.0
APLD.US,2024-09-05 16:00:00,5.369999885559082,0.5648232081469892,2.36603211612399,1.5906295696313122,1.0,1.0,1.0,100.40682107411482,0.0,1.0,0.08374264308666683,1.0,0.0,2024-09-06 10:00:00,4.60890007019043,-0.14373181221388664,1,0,0,2024,0.0,0.0,0.0,0.0,0.0,1.0
APLD.US,2024-10-17 16:00:00,7.960000038146973,0.11519568750599292,2.9950621271418227,2.0091789748362063,1.0,1.0,1.0,21.6830120319827,0.0,1.0,0.034898321917826484,1.0,1.0,2024-10-21 14:00:00,8.170000076293945,0.024381914213641,7,1,0,2024,0.0,0.0,0.0,0.0,0.0,1.0
APLD.US,2025-02-20 12:00:00,10.010000228881836,0.4505482577284571,2.543798023834726,3.5015826829153336,0.0,1.0,1.0,9.275456642527047,0.0,1.0,0.0497341002276489,1.0,1.0,2025-02-21 16:00:00,10.640000343322754,0.060937072930645764,6,1,1,2025,0.0,0.0,0.0,0.0,0.0,1.0
APLD.US,2025-05-12 16:00:00,5.329999923706055,0.8426623785522563,1.1945641980075477,2.8182142636925787,0.0,1.0,1.0,-11.097579049725717,0.0,1.0,0.039453283221450135,1.0,0.0,2025-05-13 16:00:00,5.610000133514404,0.05053287313626442,4,1,1,2025,0.0,0.0,0.0,0.0,0.0,1.0
APLD.US,2025-05-19 14:00:00,6.715000152587891,0.5084368311144392,2.9799995222188285,3.208042979876568,1.0,1.0,1.0,15.281151682143957,0.0,1.0,0.05272182015841206,1.0,1.0,2025-05-20 12:00:00,6.709099769592285,-0.0028786869488500715,3,0,0,2025,0.0,0.0,0.0,0.0,0.0,1.0
APLD.US,2025-05-21 14:00:00,6.800099849700928,0.3477516523508758,1.313284817282283,2.5324530200302875,0.0,1.0,1.0,-11.971698507894999,0.0,1.0,0.055384304598885624,1.0,0.0,2025-05-22 14:00:00,7.579999923706055,0.1126895032783124,4,1,1,2025,0.0,0.0,0.0,0.0,0.0,1.0
APLD.US,2025-06-03 14:00:00,10.25,0.15995449238632292,3.111494473687176,2.41243999498062,1.0,1.0,1.0,46.492707009527294,0.0,1.0,0.06660433335591157,1.0,0.0,2025-06-05 14:00:00,13.175000190734863,0.283365872266816,8,1,1,2025,0.0,0.0,0.0,0.0,0.0,1.0
APLD.US,2025-08-25 12:00:00,16.28499984741211,0.19196908475550642,1.6218437917259574,2.5956146993786295,1.0,1.0,1.0,5.007013950791347,0.0,1.0,0.03723346089055596,1.0,0.0,2025-08-26 12:00:00,16.209999084472656,-0.0066055120443474485,4,0,0,2025,0.0,0.0,0.0,0.0,0.0,1.0
APLD.US,2025-08-27 10:00:00,16.225000381469727,0.10339462041548174,1.5819410252052868,2.5350745383709703,1.0,1.0,1.0,-0.03274941846937196,0.0,1.0,0.029804820946858417,1.0,1.0,2025-08-27 14:00:00,16.433900833129883,0.010875220138591548,2,1,1,2025,0.0,0.0,0.0,0.0,0.0,1.0
APLD.US,2025-09-17 14:00:00,19.749000549316406,0.714914338488176,4.158971772507428,6.490860450963396,0.0,1.0,1.0,-7.573908232730133,0.0,1.0,0.030186699171208736,1.0,1.0,2025-09-18 14:00:00,20.2549991607666,0.023621479435713022,4,1,1,2025,0.0,0.0,0.0,0.0,0.0,1.0
APLD.US,2025-10-07 10:00:00,28.155000686645508,1.3951373433843648,3.448890616736291,4.089134129072855,1.0,1.0,1.0,9.094121833129591,0.0,1.0,0.04201826468037005,1.0,1.0,2025-10-08 12:00:00,27.1299991607666,-0.03840566509966681,5,0,0,2025,0.0,0.0,0.0,0.0,0.0,1.0
APLD.US,2025-10-29 10:00:00,35.4900016784668,1.0841368781858982,2.4139177409565793,1.2503089613437768,1.0,1.0,1.0,13.379777616218188,0.0,1.0,0.044491054446359216,1.0,1.0,2025-10-29 16:00:00,34.41999816894531,-0.032149435303371554,3,0,0,2025,0.0,0.0,0.0,0.0,0.0,1.0
APLD.US,2026-01-08 14:00:00,32.470001220703125,1.223309220590971,2.8946090891653813,2.2069905058561954,0.0,1.0,1.0,-1.3550035397307312,0.0,1.0,0.05382818846905358,1.0,1.0,2026-01-12 14:00:00,38.69179916381836,0.1896168065663073,8,1,1,2026,0.0,0.0,0.0,0.0,0.0,1.0
APLD.US,2026-04-09 10:00:00,25.440000534057617,0.38435380089348226,2.061192081353318,1.6153068501937076,1.0,1.0,1.0,18.043034403960448,0.0,1.0,0.05377909379898977,1.0,1.0,2026-04-10 14:00:00,26.514999389648438,0.04025624343646039,6,1,1,2026,0.0,0.0,0.0,0.0,0.0,1.0
APLD.US,2026-05-28 10:00:00,47.65999984741211,0.8092861921257178,1.4317817426002926,2.2760226674719735,1.0,1.0,1.0,4.613267447470861,0.0,1.0,0.043817717470850656,1.0,1.0,2026-05-28 12:00:00,49.564998626708984,0.037970599777505276,1,1,1,2026,0.0,0.0,0.0,0.0,0.0,1.0
APLD.US,2026-06-17 10:00:00,46.78499984741211,0.20949406226478728,3.3454944981781933,1.599030136608668,1.0,1.0,1.0,21.14186163595724,0.0,1.0,0.04199490969085689,1.0,1.0,2026-06-18 12:00:00,46.904998779296875,0.0005649018334110707,5,1,1,2026,0.0,0.0,0.0,0.0,0.0,1.0
