expiry,side,strike,oi,volume,iv,gamma,customer_gex,dealer_gex,moneyness,otm
2026-07-17,call,10.0,123.0,6.0,5.117191103515625,0.0019492224825515458,232.6390494781539,-232.6390494781539,0.3210272912507927,False
2026-07-17,call,12.0,4.0,20.0,3.8593753515625,0.0018888330345172113,7.331108588984579,-7.331108588984579,0.38523274950095127,False
2026-07-17,call,13.0,46.0,54.0,2.9687525781249997,0.0010295384121672218,45.95327602773814,-45.95327602773814,0.41733547862603054,False
2026-07-17,call,14.0,80.0,2.0,3.06250234375,0.0020099746063241275,156.02588297414107,-156.02588297414107,0.4494382077511098,False
2026-07-17,call,15.0,133.0,4.0,3.7031257421875,0.004894818916776473,631.6905240020792,-631.6905240020792,0.4815409368761891,False
2026-07-17,call,16.0,28.0,2.0,3.1796895507812497,0.0049559945817141335,134.6495621725326,-134.6495621725326,0.5136436660012683,False
2026-07-17,call,17.0,29.0,1.0,2.6562533593750004,0.004596435503839468,129.34071571818433,-129.34071571818433,0.5457463951263476,False
2026-07-17,call,18.0,7.0,2.0,3.384767163085937,0.009298308250140138,63.156502402469464,-63.156502402469464,0.5778491242514269,False
2026-07-17,call,19.0,23.0,6.0,2.847659130859375,0.00993062415304332,221.62587983089338,-221.62587983089338,0.6099518533765061,False
2026-07-17,call,20.0,146.0,1.0,2.6484408789062504,0.011859248140316437,1680.0650731814094,-1680.0650731814094,0.6420545825015854,False
2026-07-17,call,21.0,20.0,4.0,2.6562533593750004,0.015011724960143533,291.3242827175353,-291.3242827175353,0.6741573116266647,False
2026-07-17,call,22.0,141.0,2.0,2.1328171679687498,0.01631378055587059,2231.977540346174,-2231.977540346174,0.706260040751744,False
2026-07-17,call,23.0,43.0,2.0,2.3828165429687496,0.021654269541783493,903.4998510417453,-903.4998510417453,0.7383627698768233,False
2026-07-17,call,24.0,116.0,2.0,1.720704521484375,0.024128080162570637,2715.794144854908,-2715.794144854908,0.7704654990019025,False
2026-07-17,call,25.0,1787.0,1.0,1.2734411328124997,0.0260507533030875,45171.12740619699,-45171.12740619699,0.8025682281269818,False
2026-07-17,call,26.0,327.0,8.0,1.220707021484375,0.03685497780276206,11693.916756667195,-11693.916756667195,0.8346709572520611,False
2026-07-17,call,27.0,64.0,2.0,1.205082099609375,0.050451717730310666,3133.083883414775,-3133.083883414775,0.8667736863771404,False
2026-07-17,call,28.0,2405.0,5.0,0.9648441015625,0.06869467594657763,160307.6513049959,-160307.6513049959,0.8988764155022196,False
2026-07-17,call,29.0,1100.0,7.0,0.9082040429687499,0.09221784332268294,98429.15069445148,-98429.15069445148,0.9309791446272989,False
2026-07-17,call,30.0,1593.0,188.0,0.870118486328125,0.11443380901333483,176883.05120432485,-176883.05120432485,0.9630818737523782,False
2026-07-17,call,31.0,606.0,399.0,0.84179845703125,0.12846489339520967,75539.33832187021,-75539.33832187021,0.9951846028774574,False
2026-07-17,call,32.0,3061.0,3757.0,0.8349625878906248,0.12690849006274327,376938.1527788673,-376938.1527788673,1.0272873320025366,True
2026-07-17,call,33.0,2495.0,765.0,0.8261736132812498,0.11344858684365285,274653.8757100196,-274653.8757100196,1.059390061127616,True
2026-07-17,call,34.0,1680.0,895.0,0.8261736132812498,0.09161771878360608,149349.8693518589,-149349.8693518589,1.0914927902526952,True
2026-07-17,call,35.0,3664.0,2500.0,0.82226740234375,0.06790284868527464,241412.38726470325,-241412.38726470325,1.1235955193777745,True
2026-07-17,call,36.0,3861.0,348.0,0.8105487695312499,0.045708847685314705,171244.3162915636,-171244.3162915636,1.1556982485028537,True
2026-07-17,call,37.0,1033.0,560.0,0.8535170898437501,0.03206997622176762,32145.11995871445,-32145.11995871445,1.187800977627933,True
2026-07-17,call,38.0,908.0,146.0,0.867188828125,0.020857067347796764,18376.177762199524,-18376.177762199524,1.2199037067530123,True
2026-07-17,call,39.0,712.0,194.0,0.8984385156249999,0.014209042146919433,9816.595308173853,-9816.595308173853,1.2520064358780916,True
2026-07-17,call,40.0,4018.0,1003.0,0.9609378906249999,0.011178093317422538,43580.655142736294,-43580.655142736294,1.2841091650031708,True
2026-07-17,call,40.5,141.0,49.0,0.8828136718749999,0.005816067339596756,795.7279816694293,-795.7279816694293,1.3001605295657106,True
2026-07-17,call,41.0,730.0,296.0,0.945313046875,0.006293379567918297,4457.823581744752,-4457.823581744752,1.3162118941282501,True
2026-07-17,call,41.5,230.0,40.0,1.1054732226562503,0.010026570174628274,2237.6714719962397,-2237.6714719962397,1.3322632586907897,True
2026-07-17,call,42.0,4320.0,320.0,1.0312548437500002,0.0059423180448371065,24908.967762504115,-24908.967762504115,1.3483146232533294,True
2026-07-17,call,42.5,229.0,37.0,1.109379453125,0.006783536861833922,1507.3279873571194,-1507.3279873571194,1.364365987815869,True
2026-07-17,call,43.0,1697.0,88.0,0.98437515625,0.0027257614108767664,4488.340252419086,-4488.340252419086,1.3804173523784087,True
2026-07-17,call,43.5,58.0,51.0,1.4140654296875002,0.012155510041010257,684.0963469673665,-684.0963469673665,1.3964687169409482,True
2026-07-17,call,44.0,772.0,67.0,1.109379453125,0.003547676548614089,2657.5253066052073,-2657.5253066052073,1.412520081503488,True
2026-07-17,call,44.5,98.0,52.0,1.4179716601562502,0.009359655050752529,890.0245992235415,-890.0245992235415,1.4285714460660275,True
2026-07-17,call,45.0,3948.0,203.0,1.09375453125,0.002032195216969741,7785.000776341089,-7785.000776341089,1.4446228106285672,True
2026-07-17,call,45.5,86.0,50.0,1.8984380078125,0.016388877588348307,1367.6146804437096,-1367.6146804437096,1.4606741751911068,True
2026-07-17,call,46.0,964.0,117.0,1.203128984375,0.0025014104551089452,2339.796494552339,-2339.796494552339,1.4767255397536465,True
2026-07-17,call,46.5,232.0,27.0,1.1875040625,0.0018536696395182195,417.2884970191959,-417.2884970191959,1.492776904316186,True
2026-07-17,call,47.0,3103.0,289.0,1.0625046875000002,0.0005692744057747615,1714.0343675647914,-1714.0343675647914,1.5088282688787258,True
2026-07-17,call,47.5,133.0,18.0,1.46875265625,0.0046682491250369116,602.4510377411125,-602.4510377411125,1.5248796334412653,True
2026-07-17,call,48.0,1002.0,26.0,1.4609401953124999,0.003930136989800601,3821.12725639564,-3821.12725639564,1.540930998003805,True
2026-07-17,call,48.5,201.0,37.0,1.5078149609375,0.004020649864481208,784.1667134475863,-784.1667134475863,1.5569823625663446,True
2026-07-17,call,49.0,1776.0,72.0,1.4375028125,0.0026474980581953278,4562.414124057419,-4562.414124057419,1.5730337271288843,True
2026-07-17,call,49.5,76.0,2.0,2.0156299609375,0.010087537001701412,743.9004550774034,-743.9004550774034,1.5890850916914239,True
2026-07-17,call,50.0,11909.0,1151.0,1.3125034374999998,0.0009714067026143417,11225.158509440576,-11225.158509440576,1.6051364562539636,True
2026-07-17,call,51.0,78.0,2.0,1.6484392578125,0.003355330676437899,253.94871610263388,-253.94871610263388,1.637239185379043,True
2026-07-17,call,52.0,78.0,5.0,2.1250046874999997,0.008082938813893749,611.7584620016079,-611.7584620016079,1.6693419145041222,True
2026-07-17,call,53.0,95.0,1.0,2.2265669335937495,0.008117695782667992,748.2943539498434,-748.2943539498434,1.7014446436292014,True
2026-07-17,call,54.0,77.0,6.0,2.0468798828125,0.005151484204761337,384.89227005818867,-384.89227005818867,1.7335473727542807,True
2026-07-17,call,55.0,6789.0,13.0,1.65625171875,0.0012486702615426128,8225.639436204254,-8225.639436204254,1.76565010187936,True
2026-07-17,call,56.0,63.0,34.0,2.4023477441406245,0.007024433342980367,429.40582999678026,-429.40582999678026,1.7977528310044393,True
2026-07-17,call,57.0,51.0,34.0,2.50781623046875,0.007173786869786232,355.00521861292214,-355.00521861292214,1.8298555601295186,True
2026-07-17,call,58.0,68.0,27.0,1.875000625,0.0015037143647649237,99.21797352582352,-99.21797352582352,1.8619582892545978,True
2026-07-17,call,60.0,6534.0,56.0,1.625001875,0.00026403005648668095,1673.9735445072392,-1673.9735445072392,1.9261637475047564,True
2026-07-17,call,65.0,5005.0,10.0,1.8125009374999999,0.00022928668266367427,1113.522518557428,-1113.522518557428,2.0866773931301528,True
2026-07-17,call,70.0,1966.0,2.0,1.9375003125,0.00015551496858849656,296.66875006460253,-296.66875006460253,2.247191038755549,True
2026-07-17,call,75.0,1161.0,3.0,2.6562533593750004,0.001220996381538432,1375.5066298252902,-1375.5066298252902,2.4077046843809455,True
2026-07-17,put,10.0,5.0,1.0,3.1250021875,0.00016616130250710442,0.8061502325151639,-0.8061502325151639,0.3210272912507927,True
2026-07-17,put,11.0,6.0,2.0,3.968750078125,0.0013309527770169825,7.748720366077308,-7.748720366077308,0.353130020375872,True
2026-07-17,put,12.0,11.0,1.0,2.6250034375,0.00021891923949629268,2.3366448441974255,-2.3366448441974255,0.38523274950095127,True
2026-07-17,put,13.0,63.0,2.0,3.06250234375,0.0012032915860690746,73.55759489987621,-73.55759489987621,0.41733547862603054,True
2026-07-17,put,14.0,120.0,2.0,2.0625048437499998,0.00015644151399047489,18.215846068932215,-18.215846068932215,0.4494382077511098,True
2026-07-17,put,15.0,151.0,3.0,2.0625048437499998,0.00039571145103824596,57.979124971908654,-57.979124971908654,0.4815409368761891,True
2026-07-17,put,16.0,3112.0,8.0,2.0468798828125,0.0008338139219623012,2517.820828053068,-2517.820828053068,0.5136436660012683,True
2026-07-17,put,17.0,167.0,1.0,2.761721845703125,0.005081104357255499,823.3617302436026,-823.3617302436026,0.5457463951263476,True
2026-07-17,put,18.0,75.0,1.0,2.7734405664062503,0.00719248709014098,523.4273912692357,-523.4273912692357,0.5778491242514269,True
2026-07-17,put,19.0,154.0,1.0,1.609376953125,0.001757960388668538,262.6914255280558,-262.6914255280558,0.6099518533765061,True
2026-07-17,put,20.0,565.0,2.0,1.453127734375,0.002101676242843677,1152.206588352527,-1152.206588352527,0.6420545825015854,True
2026-07-17,put,21.0,91.0,6.0,1.3125034374999998,0.002631951139758304,232.39956260050752,-232.39956260050752,0.6741573116266647,True
2026-07-17,put,22.0,194.0,3.0,1.2656286718749998,0.004750333193142042,894.2148829801952,-894.2148829801952,0.706260040751744,True
2026-07-17,put,23.0,872.0,15.0,1.015629921875,0.003701685378724967,3132.074471990789,-3132.074471990789,0.7383627698768233,True
2026-07-17,put,24.0,110.0,9.0,0.98437515625,0.00773775565732312,825.8930052901866,-825.8930052901866,0.7704654990019025,True
2026-07-17,put,25.0,1071.0,110.0,0.9570316796874999,0.015173898754533436,15768.948839597206,-15768.948839597206,0.8025682281269818,True
2026-07-17,put,26.0,347.0,42.0,0.914063359375,0.02655765100782271,8942.011534041534,-8942.011534041534,0.8346709572520611,True
2026-07-17,put,27.0,2047.0,189.0,0.8808605664062499,0.04443145074792039,88251.97388450429,-88251.97388450429,0.8667736863771404,True
2026-07-17,put,28.0,9348.0,494.0,0.85937640625,0.0688051768214626,624102.4828841485,-624102.4828841485,0.8988764155022196,True
2026-07-17,put,29.0,420.0,334.0,0.8398453515625,0.09604315543948344,39140.98961279154,-39140.98961279154,0.9309791446272989,True
2026-07-17,put,30.0,5031.0,1590.0,0.8388687988281249,0.11810319224651664,576543.4533996652,-576543.4533996652,0.9630818737523782,True
2026-07-17,put,31.0,2557.0,741.0,0.8242205078124999,0.13120461021752236,325533.6702890403,-325533.6702890403,0.9951846028774574,True
2026-07-17,put,32.0,2921.0,420.0,0.81445498046875,0.129863586681202,368073.9160004738,-368073.9160004738,1.0272873320025366,False
2026-07-17,put,33.0,1569.0,191.0,0.8164080859374999,0.11432483763169371,174052.24452749343,-174052.24452749343,1.059390061127616,False
2026-07-17,put,34.0,1286.0,183.0,0.7490259472656251,0.09260284911057304,115553.0488499609,-115553.0488499609,1.0914927902526952,False
2026-07-17,put,35.0,4043.0,84.0,0.7226590234375,0.06245425890444559,245008.9177657095,-245008.9177657095,1.1235955193777745,False
2026-07-17,put,36.0,1889.0,56.0,0.7773459765625,0.043125433291092544,79046.29536800557,-79046.29536800557,1.1556982485028537,False
2026-07-17,put,37.0,674.0,22.0,1.0644578027343752,0.043333888894523734,28340.248458099486,-28340.248458099486,1.187800977627933,False
2026-07-17,put,38.0,802.0,52.0,1.1757853710937498,0.03640096248027805,28327.17898504652,-28327.17898504652,1.2199037067530123,False
2026-07-17,put,39.0,579.0,9.0,1.3359408203124996,0.03275898449866544,18404.545016491255,-18404.545016491255,1.2520064358780916,False
2026-07-17,put,40.0,3998.0,82.0,1.2460975195312498,0.02312682110862266,89717.01635354718,-89717.01635354718,1.2841091650031708,False
2026-07-17,put,40.5,112.0,22.0,1.29297228515625,0.021675412248335864,2355.5996448552387,-2355.5996448552387,1.3001605295657106,False
2026-07-17,put,41.0,815.0,10.0,1.408206083984375,0.022412059482094283,17723.74391915605,-17723.74391915605,1.3162118941282501,False
2026-07-17,put,41.5,44.0,22.0,1.5195336523437497,0.022789731867213604,972.989118556996,-972.989118556996,1.3322632586907897,False
2026-07-17,put,42.0,626.0,43.0,1.421877890625,0.018030120278555842,10951.889378138634,-10951.889378138634,1.3483146232533294,False
2026-07-17,put,42.5,124.0,101.0,1.7890635546875,0.023827039257003666,2866.869054915674,-2866.869054915674,1.364365987815869,False
2026-07-17,put,43.0,1409.0,8.0,1.50390873046875,0.016173901714671358,22112.705610272595,-22112.705610272595,1.3804173523784087,False
2026-07-17,put,43.5,17.0,1.0,2.9980493798828123,0.02697932546012994,445.03698008933696,-445.03698008933696,1.3964687169409482,False
2026-07-17,put,44.0,392.0,1.0,2.275394936523437,0.024545028635452597,9336.104442200622,-9336.104442200622,1.412520081503488,False
2026-07-17,put,44.5,35.0,2.0,2.3222698193359372,0.0237026437205671,804.9722781885149,-804.9722781885149,1.4285714460660275,False
2026-07-17,put,45.0,1981.0,8.0,1.6601579492187502,0.013373912981523618,25707.453563489395,-25707.453563489395,1.4446228106285672,False
2026-07-17,put,45.5,30.0,1.0,2.318363579101562,0.02145751710616738,624.6213339689731,-624.6213339689731,1.4606741751911068,False
2026-07-17,put,46.0,94.0,6.0,2.761721845703125,0.02303244337244609,2100.796363766844,-2100.796363766844,1.4767255397536465,False
2026-07-17,put,46.5,11.0,2.0,1.484377578125,0.006472754662701236,69.08725265607282,-69.08725265607282,1.492776904316186,False
2026-07-17,put,47.0,99.0,10.0,2.3437541406249993,0.018614829380459042,1788.176346573727,-1788.176346573727,1.5088282688787258,False
2026-07-17,put,48.0,117.0,7.0,2.529300551757812,0.018420751786016314,2091.26612999155,-2091.26612999155,1.540930998003805,False
2026-07-17,put,49.0,55.0,1.0,2.939455776367187,0.01942650323062258,1036.7484995622688,-1036.7484995622688,1.5730337271288843,False
2026-07-17,put,50.0,675.0,4.0,1.8437507812499998,0.00693161548661277,4539.984054710671,-4539.984054710671,1.6051364562539636,False
2026-07-17,put,55.0,147.0,4.0,3.03906490234375,0.013266989171537444,1892.3688944099442,-1892.3688944099442,1.76565010187936,False
2026-07-17,put,60.0,102.0,2.0,3.5156262109374996,0.012011613166666359,1188.8240996078855,-1188.8240996078855,1.9261637475047564,False
2026-07-17,put,65.0,6.0,0.0,1.0000000000000003e-05,0.0,0.0,-0.0,2.0866773931301528,False
2026-07-17,put,70.0,0.0,5.0,4.6093792382812495,0.01121720895358843,0.0,-0.0,2.247191038755549,False
2026-07-24,call,23.0,10.0,4.0,1.2871129394531249,0.02016303074118967,195.6464191718222,-195.6464191718222,0.7383627698768233,False
2026-07-24,call,25.0,5.0,2.0,1.076176494140625,0.031026582329110607,150.52895097337102,-150.52895097337102,0.8025682281269818,False
2026-07-24,call,28.5,2.0,1.0,0.9345709667968749,0.0626452143697209,121.57211906292935,-121.57211906292935,0.9149277800647593,False
2026-07-24,call,29.0,15.0,6.0,0.9882813671875,0.06327958091669705,921.023994752503,-921.023994752503,0.9309791446272989,False
2026-07-24,call,29.5,105.0,108.0,0.9863282617187501,0.06610629754297169,6735.164764291605,-6735.164764291605,0.9470305091898386,False
2026-07-24,call,30.0,183.0,62.0,0.9423833886718749,0.07134642627491718,12668.914505480616,-12668.914505480616,0.9630818737523782,False
2026-07-24,call,30.5,110.0,114.0,0.9335944140625,0.07382030477647016,7879.245101979383,-7879.245101979383,0.9791332383149177,False
2026-07-24,call,31.0,39.0,43.0,0.9213875048828125,0.0759686764354671,2874.8504551694887,-2874.8504551694887,0.9951846028774574,False
2026-07-24,call,31.5,41.0,45.0,0.9248054394531251,0.07615720714367508,3029.779042568737,-3029.779042568737,1.011235967439997,True
2026-07-24,call,32.0,137.0,42.0,0.875977802734375,0.08009398590374876,10647.228278504777,-10647.228278504777,1.0272873320025366,True
2026-07-24,call,32.5,35.0,41.0,0.9355475195312499,0.07428404238440618,2522.7816582899286,-2522.7816582899286,1.0433386965650764,True
2026-07-24,call,33.0,136.0,53.0,0.8823253955078124,0.07677930928303621,10132.093772963604,-10132.093772963604,1.059390061127616,True
2026-07-24,call,33.5,9.0,31.0,0.9257819921875,0.07161944185343418,625.4455874917721,-625.4455874917721,1.0754414256901557,True
2026-07-24,call,34.0,589.0,38.0,0.9096688720703124,0.07008532714331188,40055.16185884397,-40055.16185884397,1.0914927902526952,True
2026-07-24,call,34.5,78.0,23.0,0.8994150683593749,0.06758812050140649,5115.4172510185845,-5115.4172510185845,1.107544154815235,True
2026-07-24,call,35.0,265.0,152.0,0.9023447265625,0.06408205464390149,16477.76835522915,-16477.76835522915,1.1235955193777745,True
2026-07-24,call,35.5,24.0,4.0,0.8623060644531251,0.061412846824430774,1430.166374478907,-1430.166374478907,1.1396468839403142,True
2026-07-24,call,36.0,179.0,48.0,0.9072274902343749,0.056615206402843725,9833.366301210253,-9833.366301210253,1.1556982485028537,True
2026-07-24,call,36.5,46.0,8.0,0.9101571484375,0.052774962071220885,2355.601666485773,-2355.601666485773,1.1717496130653935,True
2026-07-24,call,37.0,117.0,151.0,0.9062509375,0.04892874633265914,5554.7694891646315,-5554.7694891646315,1.187800977627933,True
2026-07-24,call,37.5,24.0,5.0,0.8945323046874999,0.044927449183350975,1046.258729819662,-1046.258729819662,1.2038523421904728,True
2026-07-24,call,38.0,584.0,380.0,0.86132951171875,0.04023861356617359,22801.947794969758,-22801.947794969758,1.2199037067530123,True
2026-07-24,call,38.5,32.0,5.0,0.8808605664062499,0.036947161801476565,1147.2211689293797,-1147.2211689293797,1.235955071315552,True
2026-07-24,call,39.0,148.0,31.0,0.90429783203125,0.034126237920095184,4900.7914411124575,-4900.7914411124575,1.2520064358780916,True
2026-07-24,call,40.0,759.0,157.0,0.929688203125,0.02863993872254641,21092.591981691985,-21092.591981691985,1.2841091650031708,True
2026-07-24,call,41.0,255.0,3.0,0.93945373046875,0.02350362571058295,5815.554556494953,-5815.554556494953,1.3162118941282501,True
2026-07-24,call,41.5,188.0,16.0,0.9414068359375,0.021121560829553136,3853.008338740835,-3853.008338740835,1.3322632586907897,True
2026-07-24,call,42.0,148.0,2.0,0.9941406835937501,0.020885638979273115,2999.3391299517994,-2999.3391299517994,1.3483146232533294,True
2026-07-24,call,42.5,176.0,13.0,0.937500625,0.016606363964877947,2835.9809638425195,-2835.9809638425195,1.364365987815869,True
2026-07-24,call,43.0,293.0,4.0,0.9960937890625,0.01696839660150982,4824.191266174765,-4824.191266174765,1.3804173523784087,True
2026-07-24,call,43.5,116.0,16.0,0.9687503125,0.014185041789131292,1596.6315254209846,-1596.6315254209846,1.3964687169409482,True
2026-07-24,call,44.0,327.0,20.0,1.0039112304687499,0.01386190415260228,4398.31911219553,-4398.31911219553,1.412520081503488,True
2026-07-24,call,44.5,196.0,15.0,1.01953615234375,0.012912997732050527,2455.8352992546934,-2455.8352992546934,1.4285714460660275,True
2026-07-24,call,45.0,936.0,37.0,1.0273486132812502,0.011800629341985046,10717.589267648338,-10717.589267648338,1.4446228106285672,True
2026-07-24,call,45.5,81.0,2.0,1.0625046875000002,0.011650793133360936,915.7071419038939,-915.7071419038939,1.4606741751911068,True
2026-07-24,call,46.0,223.0,45.0,1.1015669921875002,0.011630854047984727,2516.706439425294,-2516.706439425294,1.4767255397536465,True
2026-07-24,call,46.5,35.0,56.0,1.1757853710937498,0.012569356737033554,426.87152738133375,-426.87152738133375,1.492776904316186,True
2026-07-24,call,47.0,229.0,43.0,1.1015669921875002,0.009484309951372396,2107.45015788244,-2107.45015788244,1.5088282688787258,True
2026-07-24,call,47.5,83.0,20.0,1.1054732226562503,0.008645989274430013,696.3200109476884,-696.3200109476884,1.5248796334412653,True
2026-07-24,call,48.0,47.0,1.0,1.61328318359375,0.01809086879837181,825.0369006544164,-825.0369006544164,1.540930998003805,True
2026-07-24,call,48.5,31.0,2.0,1.572267763671875,0.016675850651793896,501.60953363069297,-501.60953363069297,1.5569823625663446,True
2026-07-24,call,49.0,146.0,2.0,1.439455927734375,0.013604217853747436,1927.269839841817,-1927.269839841817,1.5730337271288843,True
2026-07-24,call,49.5,49.0,1.0,1.5996113769531248,0.015454931950821729,734.8171241872462,-734.8171241872462,1.5890850916914239,True
2026-07-24,call,50.0,2111.0,51.0,1.0703171484375003,0.004314666800036202,8837.950964337955,-8837.950964337955,1.6051364562539636,True
2026-07-24,call,50.5,19.0,2.0,1.751954365234375,0.0159989524955383,294.9587208499289,-294.9587208499289,1.6211878208165031,True
2026-07-24,call,51.0,59.0,13.0,1.109379453125,0.004075990099049842,233.34646355500817,-233.34646355500817,1.637239185379043,True
2026-07-24,call,52.0,93.0,37.0,1.3476595117187498,0.007524854510082598,679.0427979220306,-679.0427979220306,1.6693419145041222,True
2026-07-24,call,55.0,535.0,316.0,1.203128984375,0.0026397514068741217,1370.3544151423678,-1370.3544151423678,1.76565010187936,True
2026-07-24,call,60.0,575.0,2.0,1.935547197265625,0.00877292194272505,4894.723922383925,-4894.723922383925,1.9261637475047564,True
2026-07-24,call,65.0,183.0,9.0,1.8007822460937497,0.004468987734446537,793.5537417891562,-793.5537417891562,2.0866773931301528,True
2026-07-24,put,23.0,15.0,10.0,1.0703171484375003,0.01670396122869701,243.1234353352995,-243.1234353352995,0.7383627698768233,True
2026-07-24,put,24.0,19.0,31.0,0.9570316796874999,0.02093878505716854,386.0301015542354,-386.0301015542354,0.7704654990019025,True
2026-07-24,put,25.0,456.0,28.0,0.9433599414062499,0.029290305912660245,12959.995226253506,-12959.995226253506,0.8025682281269818,True
2026-07-24,put,27.0,96.0,132.0,0.9238288867187501,0.049239230806349975,4586.681506934058,-4586.681506934058,0.8667736863771404,True
2026-07-24,put,28.0,63.0,131.0,0.913086806640625,0.05930866868031969,3625.5576581315,-3625.5576581315,0.8988764155022196,True
2026-07-24,put,28.5,67.0,23.0,0.9101571484375,0.06386049012336392,4151.6730169731645,-4151.6730169731645,0.9149277800647593,True
2026-07-24,put,29.0,29.0,26.0,0.928711650390625,0.06666739081021433,1875.977164316626,-1875.977164316626,0.9309791446272989,True
2026-07-24,put,29.5,12.0,1.0,0.9399420068359375,0.06907180563983346,804.2631058371229,-804.2631058371229,0.9470305091898386,True
2026-07-24,put,30.0,794.0,65.0,0.9018564501953125,0.07441058366824137,57328.59587159603,-57328.59587159603,0.9630818737523782,True
2026-07-24,put,30.5,83.0,21.0,0.922852333984375,0.07467223856099842,6013.860568397552,-6013.860568397552,0.9791332383149177,True
2026-07-24,put,31.0,115.0,30.0,0.8945323046874999,0.07826315887558681,8733.157743580177,-8733.157743580177,0.9951846028774574,True
2026-07-24,put,31.5,20.0,31.0,0.9106454248046875,0.07734436193415559,1500.9794558944463,-1500.9794558944463,1.011235967439997,False
2026-07-24,put,32.0,256.0,70.0,0.8818371191406249,0.07957347618275552,19766.254707771717,-19766.254707771717,1.0272873320025366,False
2026-07-24,put,32.5,22.0,3.0,0.9023447265625,0.0768574409519453,1640.6830532737376,-1640.6830532737376,1.0433386965650764,False
2026-07-24,put,33.0,233.0,62.0,0.91211025390625,0.07456484534662855,16858.003272789367,-16858.003272789367,1.059390061127616,False
2026-07-24,put,33.5,32.0,11.0,0.92773509765625,0.0714956649934703,2219.9632222877376,-2219.9632222877376,1.0754414256901557,False
2026-07-24,put,34.0,69.0,24.0,0.8261736132812498,0.0749513894016969,5018.164225541156,-5018.164225541156,1.0914927902526952,False
2026-07-24,put,34.5,18.0,16.0,0.920899228515625,0.06659711532919575,1163.17220141332,-1163.17220141332,1.107544154815235,False
2026-07-24,put,35.0,3705.0,32.0,0.8457046679687499,0.06605422572670439,237467.89902903594,-237467.89902903594,1.1235955193777745,False
2026-07-24,put,35.5,30.0,5.0,0.7929708203125,0.06270705437333306,1825.381928306999,-1825.381928306999,1.1396468839403142,False
2026-07-24,put,36.0,332.0,19.0,0.86914193359375,0.05711002760682055,18397.827610548688,-18397.827610548688,1.1556982485028537,False
2026-07-24,put,36.5,69.0,1.0,0.764650791015625,0.05193819609709903,3477.3791343179932,-3477.3791343179932,1.1717496130653935,False
2026-07-24,put,37.0,326.0,6.0,0.903321279296875,0.048914837307462336,15472.992135814748,-15472.992135814748,1.187800977627933,False
2026-07-24,put,37.5,14.0,3.0,0.56836369140625,0.02709927914303861,368.13055499138005,-368.13055499138005,1.2038523421904728,False
2026-07-24,put,38.0,354.0,22.0,0.93945373046875,0.041922895601776464,14400.269666416658,-14400.269666416658,1.2199037067530123,False
2026-07-24,put,38.5,4.0,1.0,0.8886729882812499,0.037185399809902236,144.32731689324748,-144.32731689324748,1.235955071315552,False
2026-07-24,put,39.0,174.0,1.0,0.86132951171875,0.03257413805473666,5499.690783934556,-5499.690783934556,1.2520064358780916,False
2026-07-24,put,40.0,641.0,7.0,1.162113564453125,0.033906820928717156,21089.25283511067,-21089.25283511067,1.2841091650031708,False
2026-07-24,put,41.0,101.0,1.0,1.619142529296875,0.031940257683192266,3130.2273425988305,-3130.2273425988305,1.3162118941282501,False
2026-07-24,put,41.5,54.0,1.0,1.6044941650390623,0.030914406871742125,1619.834966663815,-1619.834966663815,1.3322632586907897,False
2026-07-24,put,42.0,89.0,1.0,0.773439765625,0.011026360076363817,952.222126170338,-952.222126170338,1.3483146232533294,False
2026-07-24,put,42.5,48.0,2.0,1.7626964990234375,0.02880434544369576,1341.5761822674706,-1341.5761822674706,1.364365987815869,False
2026-07-24,put,43.0,73.0,2.0,1.689454677734375,0.027910166095601863,1976.975887893913,-1976.975887893913,1.3804173523784087,False
2026-07-24,put,43.5,25.0,1.0,2.1689498901367186,0.02629821439114558,637.9437127140117,-637.9437127140117,1.3964687169409482,False
2026-07-24,put,44.0,104.0,3.0,1.7314466552734376,0.026161174230055605,2640.0166374512396,-2640.0166374512396,1.412520081503488,False
2026-07-24,put,44.5,82.0,2.0,1.765626171875,0.02539289804103524,2020.422575887562,-2020.422575887562,1.4285714460660275,False
2026-07-24,put,45.0,64.0,27.0,1.3339877050781246,0.019945908935010533,1238.6536799082232,-1238.6536799082232,1.4446228106285672,False
2026-07-24,put,45.5,28.0,9.0,2.0595751635742188,0.024343678718714436,661.3941212199592,-661.3941212199592,1.4606741751911068,False
2026-07-24,put,46.0,34.0,10.0,1.8339852050781247,0.02324071481569522,766.7335902804069,-766.7335902804069,1.4767255397536465,False
2026-07-24,put,46.5,10.0,1.0,2.0712938842773436,0.023180121323769422,224.92192722294604,-224.92192722294604,1.492776904316186,False
2026-07-24,put,47.0,22.0,6.0,1.3398470507812497,0.01540767526181799,328.9090994873926,-328.9090994873926,1.5088282688787258,False
2026-07-24,put,48.5,1.0,1.0,0.9687503125,0.0038364395692897907,3.7225835427970435,-3.7225835427970435,1.5569823625663446,False
2026-07-24,put,49.0,10.0,20.0,2.5253943115234367,0.020943398794589837,203.21850579131714,-203.21850579131714,1.5730337271288843,False
2026-07-24,put,50.0,8.0,1.0,1.572267763671875,0.014274559498704568,110.80740735951048,-110.80740735951048,1.6051364562539636,False
2026-07-24,put,52.0,1.0,0.0,2.7060579223632812,0.01896983549389551,18.40685775019659,-18.40685775019659,1.6693419145041222,False
2026-07-24,put,60.0,2.0,0.0,0.500005,9.986925377821458e-13,1.93810763251525e-09,-1.93810763251525e-09,1.9261637475047564,False
2026-07-31,call,23.0,2.0,2.0,1.435549697265625,0.021585531576550396,41.88985290038999,-41.88985290038999,0.7383627698768233,False
2026-07-31,call,24.0,2.0,2.0,1.0449266503906252,0.02574967162904277,49.97097027463278,-49.97097027463278,0.7704654990019025,False
2026-07-31,call,25.0,8.0,1.0,1.2138711181640622,0.029916491598470457,232.22915366459648,-232.22915366459648,0.8025682281269818,False
2026-07-31,call,27.0,6.0,6.0,1.23047259765625,0.03689568922999713,214.80429921616218,-214.80429921616218,0.8667736863771404,False
2026-07-31,call,28.0,11.0,104.0,0.9521489160156249,0.04920110929773801,525.1503642798851,-525.1503642798851,0.8988764155022196,False
2026-07-31,call,29.0,9.0,226.0,1.1015669921875002,0.046775900537333416,408.4893687373295,-408.4893687373295,0.9309791446272989,False
2026-07-31,call,30.0,498.0,41.0,1.0332079589843752,0.052195911722930415,25222.139423529326,-25222.139423529326,0.9630818737523782,False
2026-07-31,call,31.0,244.0,71.0,1.0874069067382814,0.05101013773331238,12077.093090661145,-12077.093090661145,0.9951846028774574,False
2026-07-31,call,32.0,109.0,47.0,1.0542039477539062,0.05316058515334959,5622.537258023607,-5622.537258023607,1.0272873320025366,True
2026-07-31,call,33.0,164.0,189.0,1.0810592822265626,0.05152916335330714,8199.98448285624,-8199.98448285624,1.059390061127616,True
2026-07-31,call,34.5,251.0,212.0,1.1040083862304688,0.04883010222401236,11892.617371900866,-11892.617371900866,1.107544154815235,True
2026-07-31,call,35.0,197.0,75.0,1.076176494140625,0.04896781570810544,9360.370722155036,-9360.370722155036,1.1235955193777745,True
2026-07-31,call,35.5,70.0,9.0,1.076664772949219,0.047891041943913096,3252.88280859255,-3252.88280859255,1.1396468839403142,True
2026-07-31,call,36.0,156.0,46.0,1.0830123974609376,0.046532806942122334,7043.685239482181,-7043.685239482181,1.1556982485028537,True
2026-07-31,call,36.5,191.0,182.0,1.1010787133789064,0.0448259497642392,8307.66467578623,-8307.66467578623,1.1717496130653935,True
2026-07-31,call,37.0,138.0,10.0,1.0751999365234377,0.044115974529772256,5907.327587316903,-5907.327587316903,1.187800977627933,True
2026-07-31,call,37.5,153.0,6.0,1.0722702636718753,0.04273354707521775,6344.194146094839,-6344.194146094839,1.2038523421904728,True
2026-07-31,call,38.0,618.0,42.0,1.1787150439453122,0.03963648974696249,23768.38931215734,-23768.38931215734,1.2199037067530123,True
2026-07-31,call,38.5,51.0,14.0,1.0322314013671878,0.040049082840087714,1981.8867868479106,-1981.8867868479106,1.235955071315552,True
2026-07-31,call,39.0,276.0,42.0,1.0654343603515626,0.038155479318648225,10218.380892129588,-10218.380892129588,1.2520064358780916,True
2026-07-31,call,39.5,39.0,16.0,1.0888717431640624,0.03647186615244984,1380.189387639506,-1380.189387639506,1.2680578004406313,True
2026-07-31,call,40.0,901.0,567.0,1.0634812451171878,0.034912841729796945,30522.920250713418,-30522.920250713418,1.2841091650031708,True
2026-07-31,call,40.5,704.0,2.0,1.0781296093750001,0.03334875023009764,22780.76549942482,-22780.76549942482,1.3001605295657106,True
2026-07-31,call,41.0,104.0,13.0,1.083988955078125,0.03181876751448593,3210.944389679918,-3210.944389679918,1.3162118941282501,True
2026-07-31,call,41.5,72.0,4.0,1.1054732226562503,0.030463329534526868,2128.266241076718,-2128.266241076718,1.3322632586907897,True
2026-07-31,call,42.0,220.0,9.0,1.111332568359375,0.029065140494141054,6204.563001202881,-6204.563001202881,1.3483146232533294,True
2026-07-31,call,42.5,36.0,1.0,1.0791061669921875,0.027222862941459553,950.9384080637174,-950.9384080637174,1.364365987815869,True
2026-07-31,call,43.0,231.0,60.0,1.1035201074218752,0.026146023449104733,5860.487144085175,-5860.487144085175,1.3804173523784087,True
2026-07-31,call,43.5,41.0,6.0,1.0957076464843751,0.024642841621754133,980.3716272588135,-980.3716272588135,1.3964687169409482,True
2026-07-31,call,44.0,116.0,5.0,1.09375453125,0.023259070560693075,2617.9806771981293,-2617.9806771981293,1.412520081503488,True
2026-07-31,call,44.5,49.0,9.0,1.1328168359375002,0.02269634363655979,1079.1158455858247,-1079.1158455858247,1.4285714460660275,True
2026-07-31,call,45.0,583.0,179.0,1.0625046875000002,0.01997403661483179,11299.272637736012,-11299.272637736012,1.4446228106285672,True
2026-07-31,call,45.5,1635.0,9.0,1.142582412109375,0.020508767620330673,32536.693227367068,-32536.693227367068,1.4606741751911068,True
2026-07-31,call,46.0,134.0,7.0,1.0322314013671878,0.016723165274164606,2174.399660666888,-2174.399660666888,1.4767255397536465,True
2026-07-31,call,47.0,210.0,1.0,1.1464886425781249,0.017358021493526825,3537.004463607198,-3537.004463607198,1.5088282688787258,True
2026-07-31,call,48.0,1158.0,17.0,1.1445355273437499,0.015367752022497924,17267.71987769401,-17267.71987769401,1.540930998003805,True
2026-07-31,call,49.0,939.0,700.0,1.08203583984375,0.012036260954443337,10966.632207350238,-10966.632207350238,1.5730337271288843,True
2026-07-31,call,50.0,554.0,204.0,1.09375453125,0.01073051246175337,5768.279812426765,-5768.279812426765,1.6051364562539636,True
2026-07-31,call,51.0,99.0,1.0,1.3359408203124996,0.014402364722220768,1383.5188818887775,-1383.5188818887775,1.637239185379043,True
2026-07-31,call,51.5,44.0,1.0,1.3896514892578122,0.014622767634251764,624.3072044117893,-624.3072044117893,1.6532905499415824,True
2026-07-31,call,52.0,36.0,4.0,1.404299853515625,0.014225613044863281,496.9235547232069,-496.9235547232069,1.6693419145041222,True
2026-07-31,call,55.0,193.0,13.0,1.1757853710937498,0.006692033295207911,1253.232051383541,-1253.232051383541,1.76565010187936,True
2026-07-31,call,60.0,178.0,9.0,1.3867218164062498,0.006519525988420397,1126.0355829706737,-1126.0355829706737,1.9261637475047564,True
2026-07-31,put,23.0,22.0,4.0,1.140629296875,0.0212706274270186,454.06609327298565,-454.06609327298565,0.7383627698768233,True
2026-07-31,put,24.0,36.0,3.0,1.111332568359375,0.025919689100206984,905.4164487938242,-905.4164487938242,0.7704654990019025,True
2026-07-31,put,25.0,496.0,33.0,1.076176494140625,0.03104031718186638,14939.082245781407,-14939.082245781407,0.8025682281269818,True
2026-07-31,put,27.0,115.0,49.0,1.0634812451171878,0.040962607627685506,4570.897969626271,-4570.897969626271,0.8667736863771404,True
2026-07-31,put,28.0,124.0,51.0,1.076176494140625,0.04460737891488279,5367.159253510089,-5367.159253510089,0.8988764155022196,True
2026-07-31,put,29.0,84.0,9.0,1.0468797656250002,0.04904449603261797,3997.4740542273476,-3997.4740542273476,0.9309791446272989,True
2026-07-31,put,30.0,4906.0,65.0,0.993164130859375,0.05427249714610971,258358.90767190722,-258358.90767190722,0.9630818737523782,True
2026-07-31,put,31.0,118.0,80.0,1.021489267578125,0.05434979962292273,6222.946194049257,-6222.946194049257,0.9951846028774574,True
2026-07-31,put,32.0,68.0,111.0,1.173832255859375,0.04771746116330835,3148.490105140929,-3148.490105140929,1.0272873320025366,False
2026-07-31,put,33.0,111.0,149.0,1.0927779736328125,0.05099775914451345,5492.754184841794,-5492.754184841794,1.059390061127616,False
2026-07-31,put,34.5,550.0,6.0,1.0048877880859375,0.05281610974308177,28186.76211503726,-28186.76211503726,1.107544154815235,False
2026-07-31,put,35.0,844.0,29.0,1.0371141894531253,0.05040337290416869,41277.951612257915,-41277.951612257915,1.1235955193777745,False
2026-07-31,put,35.5,599.0,2.0,1.0039112304687499,0.05033413077590436,29255.362709736495,-29255.362709736495,1.1396468839403142,False
2026-07-31,put,36.0,144.0,18.0,1.040043862304688,0.047790215607370255,6677.556530100639,-6677.556530100639,1.1556982485028537,False
2026-07-31,put,36.5,78.0,6.0,1.0078174609375,0.04718880263181258,3571.4917539786006,-3571.4917539786006,1.1717496130653935,False
2026-07-31,put,37.0,251.0,23.0,1.0200244311523439,0.04528605634538602,11029.461661318739,-11029.461661318739,1.187800977627933,False
2026-07-31,put,37.5,274.0,14.0,0.9672854833984376,0.04442598832397014,11811.464589911457,-11811.464589911457,1.2038523421904728,False
2026-07-31,put,38.0,855.0,8.0,0.9160164648437501,0.04281641990678548,35521.603072265905,-35521.603072265905,1.2199037067530123,False
2026-07-31,put,38.5,29.0,2.0,0.8789074609374999,0.04044089715020599,1137.9806324539709,-1137.9806324539709,1.235955071315552,False
2026-07-31,put,39.0,90.0,1.0,1.0322314013671878,0.0383185409668392,3346.320740097069,-3346.320740097069,1.2520064358780916,False
2026-07-31,put,39.5,78.0,2.0,0.9179695703125,0.036022223350502036,2726.347490952467,-2726.347490952467,1.2680578004406313,False
2026-07-31,put,40.0,199.0,5.0,1.189457177734375,0.034648351249763586,6690.3947224401145,-6690.3947224401145,1.2841091650031708,False
2026-07-31,put,40.5,88.0,15.0,0.9062509375,0.03141283556699328,2682.2910745760882,-2682.2910745760882,1.3001605295657106,False
2026-07-31,put,41.0,78.0,7.0,0.903321279296875,0.02919667797018037,2209.7550435358967,-2209.7550435358967,1.3162118941282501,False
2026-07-31,put,41.5,51.0,3.0,0.9785158398437501,0.028848772193598774,1427.6232156320114,-1427.6232156320114,1.3322632586907897,False
2026-07-31,put,42.0,323.0,10.0,0.88476677734375,0.024543907528364235,7692.408156793424,-7692.408156793424,1.3483146232533294,False
2026-07-31,put,42.5,75.0,1.0,0.7949239257812499,0.018996468106320396,1382.4524979474975,-1382.4524979474975,1.364365987815869,False
2026-07-31,put,43.0,112.0,1.0,0.89257919921875,0.021045891231011447,2287.185744909591,-2287.185744909591,1.3804173523784087,False
2026-07-31,put,43.5,125.0,1.0,1.3847687011718748,0.02706463378773816,3282.6778094120345,-3282.6778094120345,1.3964687169409482,False
2026-07-31,put,44.0,118.0,1.0,1.173832255859375,0.024548920768221683,2810.803611467053,-2810.803611467053,1.412520081503488,False
2026-07-31,put,44.5,50.0,1.0,0.98437515625,0.01923736274110384,933.3222725583978,-933.3222725583978,1.4285714460660275,False
2026-07-31,put,45.0,104.0,2.0,1.3408236083984373,0.024152796421522592,2437.344128098675,-2437.344128098675,1.4446228106285672,False
2026-07-31,put,45.5,24.0,1.0,0.9257819921875,0.014633219626583236,340.7746056803664,-340.7746056803664,1.4606741751911068,False
2026-07-31,put,46.0,30.0,1.0,0.94726615234375,0.014123387054647262,411.1271969904813,-411.1271969904813,1.4767255397536465,False
2026-07-31,put,47.0,170.0,1.0,0.9179695703125,0.010907285645827708,1799.209350865497,-1799.209350865497,1.5088282688787258,False
2026-07-31,put,48.0,23.0,1.0,1.3994170654296876,0.01967656011679067,439.1299963349016,-439.1299963349016,1.540930998003805,False
2026-07-31,put,49.0,0.0,2.0,1.0293017285156252,0.010614783658305836,0.0,-0.0,1.5730337271288843,False
2026-07-31,put,50.0,30.0,1.0,1.982421962890625,0.02023097070269943,588.9169676660894,-588.9169676660894,1.6051364562539636,False
2026-07-31,put,51.0,1.0,0.0,1.32422212890625,0.014199765198646143,13.778351329497896,-13.778351329497896,1.637239185379043,False
2026-07-31,put,51.5,1.0,0.0,0.8828136718749999,0.0036387207134394024,3.530732492990055,-3.530732492990055,1.6532905499415824,False
2026-07-31,put,55.0,12.0,1.0,0.98437515625,0.0030836316513745974,35.9054051970802,-35.9054051970802,1.76565010187936,False
2026-07-31,put,60.0,4.0,2.0,1.3789093554687497,0.006399878652954519,24.83978440853895,-24.83978440853895,1.9261637475047564,False
2026-08-07,call,25.0,14.0,3.0,1.1679729101562502,0.02833370869532029,384.899681350077,-384.899681350077,0.8025682281269818,False
2026-08-07,call,27.0,4.0,4.0,1.1445355273437499,0.03454806304149908,134.09104831812317,-134.09104831812317,0.8667736863771404,False
2026-08-07,call,28.0,8.0,3.0,1.1015669921875002,0.03822009396414575,296.6865297376219,-296.6865297376219,0.8988764155022196,False
2026-08-07,call,29.0,2.0,7.0,1.1186567504882814,0.039731685580024524,77.10509507395487,-77.10509507395487,0.9309791446272989,False
2026-08-07,call,30.0,49.0,32.0,1.0908248583984377,0.04231502540219047,2011.9017912786499,-2011.9017912786499,0.9630818737523782,False
2026-08-07,call,31.0,56.0,14.0,1.066899196777344,0.04436103545294422,2410.492547065369,-2410.492547065369,0.9951846028774574,False
2026-08-07,call,32.0,29.0,23.0,1.0351610742187503,0.04626734940299548,1301.9332222040348,-1301.9332222040348,1.0272873320025366,True
2026-08-07,call,33.0,58.0,15.0,1.1079146166992189,0.043217818727363515,2432.2428113292085,-2432.2428113292085,1.059390061127616,True
2026-08-07,call,34.0,104.0,5.0,1.08984830078125,0.04345698436105392,4385.398022189497,-4385.398022189497,1.0914927902526952,True
2026-08-07,call,35.0,343.0,72.0,1.0634812451171878,0.04348245732242303,14471.857942015133,-14471.857942015133,1.1235955193777745,True
2026-08-07,call,36.0,705.0,500.0,1.0751999365234377,0.04178325617193417,28582.978978691717,-28582.978978691717,1.1556982485028537,True
2026-08-07,call,36.5,97.0,9.0,1.1040083862304688,0.04024124181955078,3787.55719668224,-3787.55719668224,1.1717496130653935,True
2026-08-07,call,37.0,102.0,9.0,1.1030318286132816,0.03950586523033684,3910.0097555606044,-3910.0097555606044,1.187800977627933,True
2026-08-07,call,37.5,154.0,6.0,1.0673874755859378,0.03947268526150472,5898.389990811132,-5898.389990811132,1.2038523421904728,True
2026-08-07,call,38.0,234.0,27.0,1.0830123974609376,0.03820875998501428,8675.507552986473,-8675.507552986473,1.2199037067530123,True
2026-08-07,call,38.5,9.0,3.0,1.2426795678710936,0.03450669041343261,301.3435555975531,-301.3435555975531,1.235955071315552,True
2026-08-07,call,39.0,118.0,21.0,1.1054732226562503,0.03592828682244924,4113.718859897561,-4113.718859897561,1.2520064358780916,True
2026-08-07,call,39.5,1494.0,5.0,1.1391644604492188,0.03454583143892269,50079.77147785699,-50079.77147785699,1.2680578004406313,True
2026-08-07,call,40.0,288.0,79.0,1.1084028955078127,0.033935874022579235,9483.477498653461,-9483.477498653461,1.2841091650031708,True
2026-08-07,call,40.5,35.0,2.0,1.0957076464843751,0.03301617852039179,1121.2719034196668,-1121.2719034196668,1.3001605295657106,True
2026-08-07,call,41.0,90.0,25.0,1.08203583984375,0.03201793282755455,2796.094787862652,-2796.094787862652,1.3162118941282501,True
2026-08-07,call,41.5,104.0,4.0,1.0976607617187502,0.03090463044518004,3118.695584230433,-3118.695584230433,1.3322632586907897,True
2026-08-07,call,42.0,57.0,6.0,1.0835006762695314,0.02983596796824538,1650.1790882285534,-1650.1790882285534,1.3483146232533294,True
2026-08-07,call,42.5,12.0,2.0,1.0966842041015625,0.028789366627952964,335.21963418787635,-335.21963418787635,1.364365987815869,True
2026-08-07,call,43.0,262.0,9.0,1.0869186279296876,0.027686436756847364,7038.570230467209,-7038.570230467209,1.3804173523784087,True
2026-08-07,call,43.5,222.0,12.0,1.0976607617187502,0.026697523561571998,5750.955992093367,-5750.955992093367,1.3964687169409482,True
2026-08-07,call,44.0,159.0,7.0,1.1376996240234376,0.025957884865657567,4004.8155401838667,-4004.8155401838667,1.412520081503488,True
2026-08-07,call,44.5,87.0,3.0,1.15625421875,0.02514244999850495,2122.4767376800346,-2122.4767376800346,1.4285714460660275,True
2026-08-07,call,45.0,118.0,1.0,1.115238798828125,0.023845099870871713,2730.2174896258775,-2730.2174896258775,1.4446228106285672,True
2026-08-07,call,45.5,10.0,2.0,1.1591838916015624,0.02336487363339612,226.71462040861616,-226.71462040861616,1.4606741751911068,True
2026-08-07,call,46.0,239.0,17.0,1.1328168359375002,0.022179068993952732,5143.482946082002,-5143.482946082002,1.4767255397536465,True
2026-08-07,call,46.5,225.0,1.0,1.1796916015624999,0.021859533731256934,4772.429302374768,-4772.429302374768,1.492776904316186,True
2026-08-07,call,47.0,242.0,3.0,1.138676181640625,0.020492553286013102,4812.021181821789,-4812.021181821789,1.5088282688787258,True
2026-08-07,call,48.0,101.0,11.0,1.1347699511718752,0.018749762802338046,1837.5249433884703,-1837.5249433884703,1.540930998003805,True
2026-08-07,call,49.0,12.0,7.0,1.1367230664062502,0.017188886752789193,200.1451578921565,-200.1451578921565,1.5730337271288843,True
2026-08-07,call,50.0,80.0,1.0,1.1953165234375,0.016735583817679655,1299.1130504959906,-1299.1130504959906,1.6051364562539636,True
2026-08-07,call,55.0,29.0,11.0,1.15234798828125,0.009930467253015952,279.43691167823107,-279.43691167823107,1.76565010187936,True
2026-08-07,call,60.0,15.0,12.0,1.455080849609375,0.010827240025728194,157.58871528823772,-157.58871528823772,1.9261637475047564,True
2026-08-07,call,65.0,16.0,2.0,1.5878926855468747,0.009484685578861902,147.25125755498124,-147.25125755498124,2.0866773931301528,True
2026-08-07,put,23.0,70.0,2.0,1.0185595947265624,0.02152868744193147,1462.2838516112508,-1462.2838516112508,0.7383627698768233,True
2026-08-07,put,24.0,58.0,3.0,1.0556687841796877,0.025738282348437842,1448.5171640167225,-1448.5171640167225,0.7704654990019025,True
2026-08-07,put,25.0,409.0,40.0,1.0605515722656251,0.029660236830062695,11771.017728678318,-11771.017728678318,0.8025682281269818,True
2026-08-07,put,27.0,41.0,13.0,1.0498094384765626,0.03696535996286865,1470.6011041767879,-1470.6011041767879,0.8667736863771404,True
2026-08-07,put,28.0,53.0,23.0,1.1030318286132816,0.0381748842562977,1963.2232557412901,-1963.2232557412901,0.8988764155022196,True
2026-08-07,put,29.0,41.0,9.0,1.0468797656250002,0.042342454045553646,1684.519229232302,-1684.519229232302,0.9309791446272989,True
2026-08-07,put,30.0,552.0,23.0,1.0366259106445317,0.04453344181214489,23852.913342990243,-23852.913342990243,0.9630818737523782,True
2026-08-07,put,31.0,20.0,1.0,1.0522508325195314,0.0449908643142324,873.1129373862703,-873.1129373862703,0.9951846028774574,True
2026-08-07,put,32.0,243.0,3.0,1.052739111328125,0.04548704259728964,10725.315253728757,-10725.315253728757,1.0272873320025366,False
2026-08-07,put,33.0,533.0,18.0,1.0341845166015626,0.04623438580106415,23911.58656151642,-23911.58656151642,1.059390061127616,False
2026-08-07,put,34.0,12.0,5.0,1.040043862304688,0.0453795474646753,528.3935383958624,-528.3935383958624,1.0914927902526952,False
2026-08-07,put,35.0,95.0,10.0,1.027836892089844,0.04475395063999964,4125.447599596428,-4125.447599596428,1.1235955193777745,False
2026-08-07,put,36.0,111.0,2.0,0.9960937890625,0.04423107570756648,4763.943166685738,-4763.943166685738,1.1556982485028537,False
2026-08-07,put,36.5,81.0,2.0,1.01953615234375,0.04257126285882016,3345.936108681394,-3345.936108681394,1.1717496130653935,False
2026-08-07,put,37.0,28.0,1.0,1.1044966650390626,0.039470168401068026,1072.3661631288066,-1072.3661631288066,1.187800977627933,False
2026-08-07,put,37.5,27.0,3.0,0.9863282617187501,0.04125880597992131,1080.9273631926621,-1080.9273631926621,1.2038523421904728,False
2026-08-07,put,38.0,51.0,3.0,1.0546922265625,0.0387550692087403,1917.8506507843535,-1917.8506507843535,1.2199037067530123,False
2026-08-07,put,38.5,2.0,1.0,0.993164130859375,0.03867276029750976,75.05009706940092,-75.05009706940092,1.235955071315552,False
2026-08-07,put,39.0,22.0,3.0,1.0161182006835938,0.037127031176140315,792.5542421734427,-792.5542421734427,1.2520064358780916,False
2026-08-07,put,39.5,10.0,4.0,0.9335944140625,0.03646230697031234,353.80195988653605,-353.80195988653605,1.2680578004406313,False
2026-08-07,put,40.0,142.0,2.0,0.8896495410156249,0.0348601378054777,4803.231683694442,-4803.231683694442,1.2841091650031708,False
2026-08-07,put,40.5,2.0,1.0,0.9169930175781251,0.03332526998841511,64.67251699268017,-64.67251699268017,1.3001605295657106,False
2026-08-07,put,41.0,11.0,5.0,0.9433599414062499,0.03192583685852682,340.7619278406462,-340.7619278406462,1.3162118941282501,False
2026-08-07,put,41.5,1.0,1.0,0.9804689453125001,0.03071585699102084,29.80428641519016,-29.80428641519016,1.3322632586907897,False
2026-08-07,put,42.0,81.0,1.0,0.88476677734375,0.028094219911074112,2208.096695591047,-2208.096695591047,1.3483146232533294,False
2026-08-07,put,42.5,2.0,1.0,0.8945323046874999,0.026697227371659887,51.80983954372559,-51.80983954372559,1.364365987815869,False
2026-08-07,put,43.0,71.0,1.0,0.983398603515625,0.02674597148749581,1842.6074270960216,-1842.6074270960216,1.3804173523784087,False
2026-08-07,put,43.5,19.0,18.0,0.8642591699218749,0.022880343962292115,421.8249282011514,-421.8249282011514,1.3964687169409482,False
2026-08-07,put,44.0,3.0,0.0,0.7929708203125,0.018919162911266597,55.073067013028734,-55.073067013028734,1.412520081503488,False
2026-08-07,put,45.0,10.0,1.0,0.9589847851562499,0.021260905832399004,206.2993479428057,-206.2993479428057,1.4446228106285672,False
2026-08-07,put,47.0,2.0,2.0,0.7578149218750001,0.009816969064673789,19.051251463902254,-19.051251463902254,1.5088282688787258,False
